Ngành lớn,Ngách con,Nhãn,Tên sản phẩm (bị che),Đơn 30N,Đơn đang,Đã bán (trọn đời),Video mới 30N (%),GMV 30N (triệu đồng),Hoa hồng (%),Trend đơn 90 ngày,"Trend đơn (điểm 0-100, trái=cũ, phải=mới)",Trend video 90 ngày,"Trend video (điểm 0-100, trái=cũ, phải=mới)",Link sản phẩm,Mã sản phẩm,Thời gian ghi
Chăm sóc cá nhân và sức khỏe,Chăm sóc & Tạo kiểu tóc,Vào ngay,Kem Hấp Dầu H***** D** C******* 1***** C*** S** T** M** M**** H* T** G*** K** X** T*** N** N*** H**,76700,tăng,330900,24,20000,,Đi lên (gần đây tăng),8 > 8 > 14 > 13 > 92,Lên rồi sụt (gần đây giảm),17 > 55 > 19 > 36 > 8,https://www.tiktok.com/view/product/1736724177685677810,'1736724177685677810,2026-10-05 11:58
Chăm sóc cá nhân và sức khỏe,Chăm sóc & Tạo kiểu tóc,Đang hot,Kem ủ tóc H***** C******* D** p*** h** t** k** x* h* t** m** m*** h**** n*** h** 1*****,100800,tăng,497900,18,27800,22,Lên rồi sụt (gần đây giảm),33 > 23 > 16 > 92 > 8,Đi lên (gần đây tăng),62 > 63 > 81 > 71 > 92,https://www.tiktok.com/view/product/1732035522970487538,'1732035522970487538,2026-10-05 11:58
Chăm sóc cá nhân và sức khỏe,Chăm sóc & Tạo kiểu tóc,Né ra,Xịt Đạm Dưỡng T** C******* H***** 3***** P*** H** H* T*** H** C** G** T*** X* R*** T*** C**** Đ* Đ** H*** M** T** B*** M***,5700,giảm,22500,35,993,5,Đi xuống,69 > 92 > 88 > 48 > 45,Lên rồi sụt,58 > 48 > 92 > 52 > 56,https://www.tiktok.com/view/product/1731923077882480370,'1731923077882480370,2026-10-05 11:58
Chăm sóc cá nhân và sức khỏe,Chăm sóc cá nhân đặc biệt,Vào ngay,Hộp quà Yêu T***** (*** t**** v*** t**** 1 T** d** n**** g*** đ** b*** k*** (* m***** + 1 T** m** n* x*** h** m** (** m***** + 1 K**** đ* c**** m** h*** 1 L*** g** đ** m******,1800,tăng,47500,3,1,,Lên rồi sụt (gần đây giảm),17 > 22 > 8 > 92 > 8,Đi ngang,8 > 8 > 12 > 8 > 8,https://www.tiktok.com/view/product/1733747858502551270,'1733747858502551270,2026-10-05 11:58
Chăm sóc cá nhân và sức khỏe,Chăm sóc cá nhân đặc biệt,Đang hot,Kem chống muỗi R**** M********* R**** 7**,9400,tăng,206200,8,277,8,Đi lên (gần đây tăng),9 > 12 > 9 > 8 > 92,Đi lên (gần đây giảm),48 > 48 > 74 > 92 > 71,https://www.tiktok.com/view/product/1729668727551133836,'1729668727551133836,2026-10-05 11:58
Chăm sóc cá nhân và sức khỏe,Chăm sóc cá nhân đặc biệt,Đang giảm,Miếng dán giảm k** c*** v*** b*** H*** – B* 5 m**** – T**** đ**** 3 m**** – P*** v* p** l**,3700,giảm,43300,0,1300,,Lên rồi sụt (gần đây giảm),53 > 50 > 92 > 53 > 21,Đi ngang,14 > 8 > 8 > 8 > 8,https://www.tiktok.com/view/product/1732813948574926604,'1732813948574926604,2026-10-05 11:58
Chăm sóc cá nhân và sức khỏe,Chăm sóc mắt & tai,Vào ngay,Magister Nước ngâm D*** d*** n*** k*** á* t**** 1***************** L** s*** l** m** L**** H** 3 t**** K**** t** t**** c** L*** L*** c*** s******* D**** M**,7600,tăng,133800,3,362,,Lên rồi sụt (gần đây giảm),25 > 21 > 10 > 92 > 24,Đi ngang (gần đây giảm),17 > 14 > 8 > 36 > 8,https://www.tiktok.com/view/product/1729857903443216874,'1729857903443216874,2026-10-05 11:58
Chăm sóc cá nhân và sức khỏe,Chăm sóc mắt & tai,Đang hot,Kính Đọc Sách T**** M**** T* Đ*** L** N*** C**** Á** S*** X**** T**** K* T*** T***** D*** C** N**** C** T*** r** c**,32200,giảm,71400,56,859,10,Lên rồi sụt (gần đây giảm),32 > 57 > 92 > 74 > 62,Đi lên (gần đây tăng),16 > 30 > 46 > 47 > 92,https://www.tiktok.com/view/product/1734951768157226975,'1734951768157226975,2026-10-05 11:58
Chăm sóc cá nhân và sức khỏe,Chăm sóc mắt & tai,Đang giảm,[COMBO THƯ GIÃN-GIẢM K** M*** B* S** P*** C*** S** M** N******* G*** M*** R** T*** B** B*** T*** C**** D**** Ẩ* C** M** C*** T***** X**** M** M*** T*** X** M** T**** Đ*** T**** T**** T*** G*** D**,35200,giảm,548100,100,10300,,Đi lên (gần đây tăng),13 > 8 > 33 > 8 > 92,Đi ngang,8 > 8 > 12 > 8 > 8,https://www.tiktok.com/view/product/1736089514282288974,'1736089514282288974,2026-10-05 11:58
Chăm sóc cá nhân và sức khỏe,Chăm sóc móng tay,Vào ngay,Dụng Cụ Chà G** C*** M*** C*** T** T* B** C*** H** M** C** C**,676,tăng,31300,4,14,10,Đi lên (gần đây giảm),68 > 45 > 59 > 92 > 83,Đi ngang (gần đây giảm),8 > 11 > 19 > 22 > 8,https://www.tiktok.com/view/product/1729597627699727255,'1729597627699727255,2026-10-05 11:58
Chăm sóc cá nhân và sức khỏe,Chăm sóc móng tay,Đang hot,Roopy Dung Dịch D**** M******* d**** m*** t******** D**** V* C*** S** M******** m*** c*** k**** g*** g** v* b*** t**** d**** ẩ* v* p*** h** m*** h* t***** s* d*** k**** g** h** c** m*** t***** h**** s*** t**** c** đ** t**,16800,tăng,45100,81,5600,,Đi lên,8 > 8 > 41 > 90 > 92,Lên rồi sụt (gần đây giảm),10 > 21 > 73 > 92 > 65,https://www.tiktok.com/view/product/1736508739608938466,'1736508739608938466,2026-10-05 11:58
Chăm sóc cá nhân và sức khỏe,Chăm sóc móng tay,Né ra,(Mua 2 giảm 1*** M*** D**** - B** L** M*** M** M** N*** H* 5**** 1* M** S** Đ* M** C* T**** c** 3* p*** c** 1 b* m*** h*** h** t*** k*** c** p** c** 1 b* n***,418,,2900,18,87,,Đi xuống (gần đây tăng),77 > 92 > 40 > 35 > 46,Sụt rồi bật lên (gần đây tăng),74 > 92 > 52 > 28 > 55,https://www.tiktok.com/view/product/1736024423121979357,'1736024423121979357,2026-10-05 11:58
Chăm sóc cá nhân và sức khỏe,Chăm sóc mũi & răng miệng,Vào ngay,Bàn chải đánh r*** g** đ**** l** s*** r*** m***** C**** 8 c** b** c*** t** e** C**** 1* c** b** c*** n**** l**,1700,tăng,10900,4,142,5,Lên rồi sụt (gần đây giảm),26 > 29 > 47 > 92 > 19,Đi ngang (gần đây giảm),11 > 14 > 8 > 22 > 8,https://www.tiktok.com/view/product/1730870521510464189,'1730870521510464189,2026-10-05 11:58
Chăm sóc cá nhân và sức khỏe,Chăm sóc mũi & răng miệng,Đang hot,[MỚI] Kem Đánh R*** P** U**** W**** T**** B** 5 T*** t**** 1 t*** 1*** - V** b* Đ** c*** n*** đ** q**** B*** H** & M************* C [**,101200,tăng,247400,38,12800,10,Đi lên,22 > 43 > 74 > 89 > 92,Lên rồi sụt (gần đây giảm),35 > 45 > 43 > 92 > 64,https://www.tiktok.com/view/product/1736313981494002697,'1736313981494002697,2026-10-05 11:58
Chăm sóc cá nhân và sức khỏe,Chăm sóc mũi & răng miệng,Né ra,-Kem đánh răng M***** b** h* m** l**** c**** l** t***** l*** b* ố v**** l** t**** r**** h** t** t*** m*** b* d*** g** đ*** 1** g,1600,giảm,14000,13,224,,Đi xuống (gần đây giảm),92 > 55 > 32 > 19 > 10,Đi xuống (gần đây giảm),92 > 40 > 40 > 37 > 8,https://www.tiktok.com/view/product/1735544052627309750,'1735544052627309750,2026-10-05 11:58
Chăm sóc cá nhân và sức khỏe,"Chăm sóc tay, chân & móng",Vào ngay,KORMESIC Kem Tay: D**** Ẩ* L** T**** B** V* D* T** M** N** K** d**** c*** K** d**** t**,662,tăng,1900,25,33,,Đi lên (gần đây tăng),25 > 20 > 65 > 72 > 92,Đi ngang,11 > 11 > 12 > 8 > 8,https://www.tiktok.com/view/product/1733418781364814954,'1733418781364814954,2026-10-05 11:58
Chăm sóc cá nhân và sức khỏe,"Chăm sóc tay, chân & móng",Đang hot,Kem dưỡng da t** A********** c**** x*** d** n*** g*** b** v* v* d**** ẩ* t** đ** p*** h** d* k** r*** g*** d* m** m** v* m** m*** v** k** n*** d**** ẩ* s*** c* n****,17900,tăng,40600,37,2100,,Đi lên,28 > 69 > 73 > 88 > 92,Đi lên,13 > 48 > 57 > 92 > 87,https://www.tiktok.com/view/product/1735123740222457441,'1735123740222457441,2026-10-05 11:58
Chăm sóc cá nhân và sức khỏe,"Chăm sóc tay, chân & móng",Né ra,Dr.Clean Sữa Rửa T** 5**** H**** T*** C** T*** L** T*** K*** T**** V**,3700,giảm,35700,16,520,11,Đi lên (gần đây tăng),8 > 92 > 89 > 67 > 77,Đi lên (gần đây tăng),21 > 50 > 66 > 45 > 92,https://www.tiktok.com/view/product/1732108189892445248,'1732108189892445248,2026-10-05 11:58
Chăm sóc cá nhân và sức khỏe,Đồ tắm & Chăm sóc cơ thể,Vào ngay,Combo 2 Lăn H** M** L**** S******** D**** S*** D* 5***** + T*** L** H** M** L**** S******** D**** S*** D* 5***,19500,tăng,343800,1,3300,10,Lên rồi sụt (gần đây giảm),58 > 8 > 48 > 92 > 8,Đi ngang,8 > 8 > 15 > 8 > 8,https://www.tiktok.com/view/product/1730011083635526585,'1730011083635526585,2026-10-05 11:58
Chăm sóc cá nhân và sức khỏe,Đồ tắm & Chăm sóc cơ thể,Đang hot,Xà Phòng Tắm 3*** H* T** L** S*** D* G*** M** L*** M* T*** B*** K**** K** D* T*** L** H**** N*** H** - L*******,80000,tăng,438100,10,6800,,Lên rồi sụt (gần đây giảm),39 > 49 > 20 > 92 > 10,Lên rồi sụt,57 > 92 > 54 > 22 > 25,https://www.tiktok.com/view/product/1734326874826114411,'1734326874826114411,2026-10-05 11:58
Chăm sóc cá nhân và sức khỏe,Đồ tắm & Chăm sóc cơ thể,Né ra,Giảm nhanh tình t**** n*** d* d* ứ******* d* t*** k******** d* t*** x******* d* t*** b****** m** t********* v*** v* g*** n******** c******** d****** d* d* c** t**** c******* v** n******* d* m******* d******,6300,giảm,15300,32,828,10,Lên rồi sụt,13 > 92 > 87 > 61 > 65,Đi lên,50 > 82 > 92 > 83 > 84,https://www.tiktok.com/view/product/1735457273307431991,'1735457273307431991,2026-10-05 11:58
Chăm sóc cá nhân và sức khỏe,Khác,Vào ngay,FUNGEL EXTRA - X** m** t*** d*** l*** b* c** t**** m** r** t*** g* c*** 3**** h* t** v* s*** d* l*** c** g* t*** l**,848,tăng,3700,16,208,,Đi xuống (gần đây giảm),77 > 70 > 57 > 92 > 52,Đi ngang (gần đây giảm),22 > 17 > 15 > 22 > 8,https://www.tiktok.com/view/product/1735187212568724586,'1735187212568724586,2026-10-05 11:59
Chăm sóc cá nhân và sức khỏe,Khác,Đang hot,Qiaobelixi Viên Nhai B* S*** V****** T*** H** C** M** V* C** N*** R*** L*** L** Đ** L*** H** 2** V***,8700,giảm,72800,7,1000,10,Sụt rồi bật lên,76 > 42 > 92 > 85 > 91,Đi lên (gần đây tăng),45 > 30 > 41 > 78 > 92,https://www.tiktok.com/view/product/1733421104319596496,'1733421104319596496,2026-10-05 11:59
Chăm sóc cá nhân và sức khỏe,Khác,Đang giảm,Tinh dầu xông k***** t** h**** t*** - 1***,,giảm,51600,4,,13,Đi xuống,92 > 8 > 8 > 8 > 8,Đi xuống,25 > 14 > 19 > 8 > 8,https://www.tiktok.com/view/product/1729621994407954895,'1729621994407954895,2026-10-05 11:59
Chăm sóc cá nhân và sức khỏe,Sản phẩm chăm sóc dành cho nam giới,Vào ngay,Dao cạo Nữ G******* V**** D**** 2 V* 2 C**,4800,tăng,14900,10,489,,Lên rồi sụt (gần đây giảm),22 > 68 > 76 > 92 > 51,Đi xuống,25 > 22 > 26 > 8 > 8,https://www.tiktok.com/view/product/1734077935617738202,'1734077935617738202,2026-10-05 11:58
Chăm sóc cá nhân và sức khỏe,Sản phẩm chăm sóc dành cho nam giới,Đang hot,Dầu gội thơm V*** 3 t**** 1 d*** c** n*** d** g** + s** t** + s** r** m*** c** g*** t***** m*** k*** s*** d** n**** l** s*** s*** l** h**** l** d*** d*** đ* g** đ*** t** v* r** m*** c***** d*** c** v*** k*** s*** d** v* l** s*** d* c** n** g****,23000,tăng,36900,62,2000,,Đi lên,8 > 8 > 45 > 90 > 92,Đi lên (gần đây tăng),8 > 19 > 34 > 61 > 92,https://www.tiktok.com/view/product/1736859431565297032,'1736859431565297032,2026-10-05 11:58
Chăm sóc cá nhân và sức khỏe,Sản phẩm chăm sóc dành cho nam giới,Đang giảm,[TẶNG LĂN KHỬ M** 4**** T** G** / D** G** D**** T** c** n** R***** 2*** C******* A******** G******** 6********,7100,giảm,161300,0,1400,10,Lên rồi sụt,27 > 8 > 92 > 8 > 8,,,https://www.tiktok.com/view/product/1731187278079625351,'1731187278079625351,2026-10-05 11:58
Chăm sóc cá nhân và sức khỏe,Sản phẩm chăm sóc dành cho phụ nữ,Vào ngay,Combo 4/8/16 Băng v* s*** K**** S**** / H***** / C**** M********* d*** q*** 2 M**** s*** M** h*** s*** L*** [******* H****,5700,tăng,53400,11,2000,,Lên rồi sụt (gần đây giảm),12 > 8 > 18 > 92 > 8,Đi xuống (gần đây giảm),58 > 17 > 15 > 36 > 8,https://www.tiktok.com/view/product/1736226420570621047,'1736226420570621047,2026-10-05 11:58
Chăm sóc cá nhân và sức khỏe,Sản phẩm chăm sóc dành cho phụ nữ,Đang hot,【Cottonday】Băng vệ sinh t*** d*** S*** L**** C******** (************* - l**** l******* b** d** 8** h***** p*** p** p*** b** t*** t*** g**** c*** 1* c**** x*** t*** d**** k**** k***** g*** đ** k*** n****** c*** s** v*** k***,65300,tăng,606500,15,8200,8,Đi xuống (gần đây giảm),92 > 60 > 50 > 49 > 41,Đi ngang (gần đây giảm),73 > 61 > 68 > 92 > 84,https://www.tiktok.com/view/product/1733034892681316026,'1733034892681316026,2026-10-05 11:58
Chăm sóc cá nhân và sức khỏe,Sản phẩm chăm sóc dành cho phụ nữ,Né ra,Bọt Vệ Sinh P** N* M** H*** 1**** G** P*** N*** N*** V* K**** G** V*** N***** N** N**** K** M*** C** B*** p** T***** H*** C* M**,3300,giảm,52500,11,870,10,Đi xuống (gần đây giảm),92 > 87 > 71 > 75 > 46,Đi lên (gần đây tăng),29 > 35 > 35 > 32 > 92,https://www.tiktok.com/view/product/1729887993827920560,'1729887993827920560,2026-10-05 11:58
Chăm sóc cá nhân và sức khỏe,Thiết bị chăm sóc cá nhân,Vào ngay,(LIVE)Máy cạo râu m*** c****** C**** t*** t*** c* t** r** n**** s** n********** 1** g*** k*** d* l*** t**** m**** B** h*** m** n**,6800,tăng,172300,5,2000,1,Sụt rồi bật lên (gần đây tăng),67 > 19 > 44 > 65 > 92,Đi xuống (gần đây giảm),33 > 20 > 12 > 22 > 8,https://www.tiktok.com/view/product/1732280069209098679,'1732280069209098679,2026-10-05 11:58
Chăm sóc cá nhân và sức khỏe,Thiết bị chăm sóc cá nhân,Đang hot,[DR.FLASH] Máy sấy t** t** đ* c** 1****** v******** - N*** l*** l*** h*** - T** k*** t*** t***** - B** h*** 2 n** 1 đ** 1 - G*** h*** n**** - P**** b** g*** h***,14900,giảm,236700,8,6800,8,Đi ngang (gần đây giảm),73 > 87 > 92 > 77 > 63,Đi lên (gần đây tăng),50 > 43 > 58 > 70 > 92,https://www.tiktok.com/view/product/1730378504295581848,'1730378504295581848,2026-10-05 11:58
Chăm sóc cá nhân và sức khỏe,Thiết bị chăm sóc cá nhân,Né ra,[12 THÁNG 1 Đ** 1* M** c** l*** v*** k** n** S******* T****** L*** t*** h** c*** n*** l*** c** s* c*** n*** T********* đ** L** s** s**** c**** n*** t*** t*** - B* 1* t**** 1 đ** 1,348,giảm,26200,30,391,,Đi xuống,92 > 42 > 24 > 13 > 8,Đi lên (gần đây tăng),25 > 67 > 88 > 50 > 92,https://www.tiktok.com/view/product/1733220690981652170,'1733220690981652170,2026-10-05 11:58
Chăm sóc cá nhân và sức khỏe,Thực phẩm bổ sung,Vào ngay,[Mua 4 Tặng 1* M** C**** 4 M***** G** T*** 1 H** M** V* S*** E********** 4*** H* T** G*** P*** T*** D*** C** Đ**** R*** C**** H***,5300,tăng,30000,10,9000,15,Lên rồi sụt (gần đây giảm),13 > 13 > 8 > 92 > 8,Đi ngang (gần đây giảm),11 > 17 > 26 > 22 > 8,https://www.tiktok.com/view/product/1731635473822288773,'1731635473822288773,2026-10-05 11:58
Chăm sóc cá nhân và sức khỏe,Thực phẩm bổ sung,Đang hot,[Deal Mở Bán] V*** S** M*********** P*** B* S*** V****** C & K***** C*** | T*** 2* V*** | 8 H**** V** D* P*** T*** D*** M** N***,27200,tăng,46600,70,3200,,Đi lên (gần đây giảm),8 > 42 > 80 > 92 > 81,Đi lên (gần đây tăng),10 > 13 > 28 > 53 > 92,https://www.tiktok.com/view/product/1736081131433854503,'1736081131433854503,2026-10-05 11:58
Chăm sóc cá nhân và sức khỏe,Thực phẩm bổ sung,Né ra,TPBVSK Viên Bổ T*** D** S** N**** B* T*** h* t** b* h***** d**** t**** c** t**** đ** l*** m** g*** H** 1 l* x 6* v***,943,giảm,12900,21,297,,Lên rồi sụt,45 > 92 > 26 > 8 > 8,Đi lên (gần đây tăng),21 > 45 > 50 > 39 > 92,https://www.tiktok.com/view/product/1734924639764579412,'1734924639764579412,2026-10-05 11:58
Chăm sóc cá nhân và sức khỏe,Vật tư y tế,Vào ngay,[200 chiếc tặng 2*** K*** t**** 6* J********** M** T*** T**** M** N**** M** H** T***** k**** k**** c**** b** m**,10800,tăng,69800,4,213,12,Lên rồi sụt (gần đây giảm),17 > 8 > 9 > 92 > 9,Đi lên (gần đây tăng),11 > 17 > 19 > 22 > 92,https://www.tiktok.com/view/product/1729890653393946629,'1729890653393946629,2026-10-05 11:58
Chăm sóc cá nhân và sức khỏe,Vật tư y tế,Đang hot,KHẨU TRANG 5D 4 L** C** L*** V****** - K*** T**** 5* 4 L** K**** K**** C** L*** -*** Z** 2* C**** - M** S** Đ* D*** - M*** P** V** C*****,51400,tăng,207000,56,8400,,Đi lên (gần đây tăng),77 > 79 > 81 > 80 > 92,Đi lên (gần đây tăng),10 > 11 > 24 > 50 > 92,https://www.tiktok.com/view/product/1735685563321386795,'1735685563321386795,2026-10-05 11:58
Chăm sóc cá nhân và sức khỏe,Vật tư y tế,Né ra,Combo 200 Chiếc K*** T**** 5* T**** P*** - B** V* T*** D*** - C*** L*** A* T*** - T**** K* T**** M*** - T*** L** & T***** K** - F*** S***,999,giảm,144700,42,80,,Đi xuống,82 > 92 > 13 > 8 > 8,Đi lên (gần đây tăng),20 > 20 > 31 > 30 > 92,https://www.tiktok.com/view/product/1735534152359183971,'1735534152359183971,2026-10-05 11:58
"Điện máy cơ khí, máy gia dụng",Bộ sắp xếp dụng cụ,Vào ngay,[CƠ BẢN 3 L*** T** Đ*** Đ* N*** b** t****** T** Đ*** D*** C* S** C*** D*** N**** K*** T**** C*** L*** O***** C**** M** M** T** C** T*** L** T** T**** 3***,776,tăng,56100,4,96,,Lên rồi sụt (gần đây giảm),56 > 31 > 9 > 92 > 14,Đi ngang (gần đây giảm),22 > 11 > 8 > 36 > 8,https://www.tiktok.com/view/product/1732446674813486343,'1732446674813486343,2026-10-05 12:00
"Điện máy cơ khí, máy gia dụng",Bộ sắp xếp dụng cụ,Đang hot,Giá đựng dụng c* t* t**** p** h** s** c**** 4 k*** t**** l** c**** c*** c*** b*** n** c*** m**** d* l** đ*** t*** k*** k**** g**** l** t** d*** c** d*** c** n** b**,3000,giảm,15600,28,538,,Lên rồi sụt (gần đây giảm),33 > 92 > 52 > 52 > 30,Lên rồi sụt (gần đây giảm),20 > 92 > 60 > 57 > 28,https://www.tiktok.com/view/product/1733588651952735952,'1733588651952735952,2026-10-05 12:00
"Điện máy cơ khí, máy gia dụng",Bộ sắp xếp dụng cụ,Đang giảm,Túi Đựng Đồ N*** T*** T***** T***** T****** T** T*** T**** N**** K** T***** Đ*** D*** C* S** C*** Đ*** N**** S*** B**,,giảm,3300,4,,6,Đi xuống,92 > 17 > 8 > 8 > 8,Đi ngang (gần đây giảm),14 > 11 > 12 > 22 > 8,https://www.tiktok.com/view/product/1729692467327699456,'1729692467327699456,2026-10-05 12:00
"Điện máy cơ khí, máy gia dụng",Công cụ & Phần cứng,Theo dõi,"SM002 MUA 3 T*** 2 , B* 5 m** T*** T**** r** t** c*** t* l*** r** T*** L**",1100,giảm,14500,19,128,,Đi xuống,92 > 70 > 30 > 8 > 8,Lên rồi sụt,47 > 87 > 92 > 8 > 8,https://www.tiktok.com/view/product/1735746924567626772,'1735746924567626772,2026-10-05 12:00
"Điện máy cơ khí, máy gia dụng",Công cụ & Phần cứng,Đang giảm,Combo Pin 30cell K** S** N**** 2* D**** D********* C*** P** T**** D*** L**** C** D*** X* C**,,giảm,114,10,,,Đi ngang,8 > 17 > 8 > 8 > 8,Đi ngang,11 > 11 > 15 > 8 > 8,https://www.tiktok.com/view/product/1734799639296706226,'1734799639296706226,2026-10-05 12:00
"Điện máy cơ khí, máy gia dụng",Dụng cụ cầm tay,Vào ngay,Mũi tuốc nơ v** D*** P** đ** v** n** c*** c**** t**** đ** c** t**** t**** k* c**** t****,3400,tăng,33900,13,178,7,Lên rồi sụt (gần đây giảm),8 > 8 > 8 > 92 > 9,Đi ngang,14 > 8 > 12 > 8 > 8,https://www.tiktok.com/view/product/1732093223443530809,'1732093223443530809,2026-10-05 12:00
"Điện máy cơ khí, máy gia dụng",Dụng cụ cầm tay,Đang hot,Bộ Lục Giác Đ* N*** S** C*** 1***** B* L** G*** S** C*** X* Đ*** L** M** M** D* Đ***,11200,giảm,111100,11,363,8,Đi lên (gần đây tăng),45 > 40 > 42 > 28 > 92,Đi lên,36 > 49 > 59 > 85 > 92,https://www.tiktok.com/view/product/1732253574293521632,'1732253574293521632,2026-10-05 12:00
"Điện máy cơ khí, máy gia dụng",Dụng cụ cầm tay,Né ra,miễn phí vận c***** B* t** v** đ*** đ** c**** 1* m** c** c***** đ** đ*** c*** l*** h** k** t*** v* i*********,153,,2100,17,34,,Đi xuống (gần đây giảm),92 > 91 > 64 > 65 > 19,Đi lên (gần đây tăng),39 > 30 > 48 > 64 > 92,https://www.tiktok.com/view/product/1733530177137181704,'1733530177137181704,2026-10-05 12:00
"Điện máy cơ khí, máy gia dụng",Dụng cụ điện,Vào ngay,Tocdo Máy Khoan P** 1**** T********** - 3 C*** N*** C* B** T*** B* 2 P** 1 S** Đ*** C* K**** C*** T*** T** Đ* 2****** L** S*** 6****,1200,tăng,19200,4,898,5,Lên rồi sụt (gần đây giảm),20 > 8 > 8 > 92 > 8,Đi ngang,8 > 11 > 12 > 8 > 8,https://www.tiktok.com/view/product/1731346183058459374,'1731346183058459374,2026-10-05 12:00
"Điện máy cơ khí, máy gia dụng",Dụng cụ điện,Đang hot,Máy Thổi Phản L** 1**** T**** C** T** C*** P** L** G** M*** 5*** H* T** V* S*** S** V*** & Ô T*,8600,giảm,16800,55,2100,,Lên rồi sụt (gần đây giảm),8 > 15 > 92 > 77 > 64,Lên rồi sụt (gần đây giảm),8 > 36 > 55 > 92 > 48,https://www.tiktok.com/view/product/1736839073882081116,'1736839073882081116,2026-10-05 12:00
"Điện máy cơ khí, máy gia dụng",Dụng cụ điện,Né ra,[NEW] THÂN MÁY K**** B* T*** 3 C*** N*** G****** L** b*** 2**** T** đ* k**** t*** 0 - 1*** R**,89,,3000,14,83,5,Lên rồi sụt (gần đây giảm),62 > 92 > 40 > 40 > 19,Đi xuống (gần đây giảm),42 > 58 > 59 > 36 > 8,https://www.tiktok.com/view/product/1733298619398784648,'1733298619398784648,2026-10-05 12:00
"Điện máy cơ khí, máy gia dụng",Dụng cụ đo lường,Vào ngay,Thước vuông kẻ g** 4* đ* k*** t**** 3*** v* 5**** c*** c* c**** x** c** m** c*** t*****,824,tăng,1500,75,40,,Đi lên (gần đây giảm),8 > 8 > 60 > 92 > 77,Đi ngang (gần đây giảm),8 > 14 > 12 > 22 > 8,https://www.tiktok.com/view/product/1734463450481919867,'1734463450481919867,2026-10-05 12:00
"Điện máy cơ khí, máy gia dụng",Dụng cụ đo lường,Đang hot,Thước Đo Chiều C** D** T**** 2* D** Đ* C**** C*** B*** Đ* C**** C** T**** S*** T* D*** C**** C** 2* C** T** M** B*** Đ*,10400,giảm,99700,7,351,10,Đi ngang (gần đây giảm),79 > 90 > 92 > 80 > 68,Đi lên (gần đây tăng),15 > 30 > 38 > 22 > 92,https://www.tiktok.com/view/product/1732260258169653193,'1732260258169653193,2026-10-05 12:00
"Điện máy cơ khí, máy gia dụng",Dụng cụ đo lường,Đang giảm,Bút Đánh Dấu N*** D** 2*** Đ*** D** M** K******* s** đ* n*** c**** d** d*** t**** l** g* c* k** p**** t** x** d*** L****,583,giảm,10600,7,7,15,Đi xuống,92 > 70 > 60 > 13 > 10,Đi ngang,8 > 11 > 12 > 8 > 8,https://www.tiktok.com/view/product/1731835852682921679,'1731835852682921679,2026-10-05 12:00
"Điện máy cơ khí, máy gia dụng",Dụng cụ nhà bếp,Vào ngay,[Combo 10] khay l** đ* v*** t* l*** l*** 6 v*** l** / 1* v*** n** - N*** d** P* 1*** c**** p*** - D* l** đ*,5700,tăng,58200,5,645,10,Lên rồi sụt (gần đây giảm),11 > 18 > 8 > 92 > 8,Đi ngang,11 > 14 > 15 > 8 > 8,https://www.tiktok.com/view/product/1732384238361216936,'1732384238361216936,2026-10-05 12:00
"Điện máy cơ khí, máy gia dụng",Dụng cụ nhà bếp,Đang hot,Dr.flash Máy x** t** đ*** m*** g** d*** – k**** d** – p** 5***** – 2***,31700,giảm,126500,34,2500,6,Lên rồi sụt (gần đây giảm),63 > 57 > 92 > 82 > 54,Đi lên (gần đây giảm),22 > 20 > 34 > 92 > 84,https://www.tiktok.com/view/product/1733641625602196827,'1733641625602196827,2026-10-05 12:00
"Điện máy cơ khí, máy gia dụng",Dụng cụ nhà bếp,Né ra,DR.flash Máy xay s*** t* m*** k**** d*** d*** t*** x** 7**** v* b*** c*** 7***** B** g** n** c* t** c** v* ố** h*** B** h*** 1* t***** M** p** đ*** h*** t** t*** m** h****,792,giảm,2700,29,241,10,Lên rồi sụt,17 > 92 > 79 > 43 > 42,Lên rồi sụt (gần đây tăng),42 > 77 > 92 > 42 > 54,https://www.tiktok.com/view/product/1735210152631895387,'1735210152631895387,2026-10-05 12:00
"Điện máy cơ khí, máy gia dụng",Đồ gia dụng,Vào ngay,Quạt Tích Điện K** B** M**** A***** P** 2******* S* d*** t* 2* đ** 1** t** v** c** đ* s* d**** C*** S*** 8**** B** H*** 1* T****,1800,tăng,12000,33,1000,,Lên rồi sụt (gần đây giảm),24 > 8 > 47 > 92 > 8,Đi ngang,8 > 8 > 12 > 8 > 8,https://www.tiktok.com/view/product/1735789801950840726,'1735789801950840726,2026-10-05 12:00
"Điện máy cơ khí, máy gia dụng",Đồ gia dụng,Đang hot,Máy khuếch tán T*** D** P** T* Đ*** 5 C** Đ* X*** H**** T*** N** D** T** Đ* Ẩ* K**** T**** Ồ*,12600,tăng,119100,9,1500,9,Đi lên (gần đây tăng),68 > 66 > 68 > 82 > 92,Đi lên (gần đây tăng),26 > 30 > 33 > 52 > 92,https://www.tiktok.com/view/product/1733718822340166953,'1733718822340166953,2026-10-05 12:00
"Điện máy cơ khí, máy gia dụng",Đồ gia dụng,Né ra,[Độc quyền] Quạt c** đ*** A*** F******* t*** c** ứ*** đ*** k**** t* x** c* h** g** v* t** d** n***,100,giảm,27700,18,133,,Đi xuống,92 > 25 > 24 > 20 > 13,Đi xuống (gần đây giảm),36 > 25 > 48 > 22 > 8,https://www.tiktok.com/view/product/1731077733025548796,'1731077733025548796,2026-10-05 12:00
"Điện máy cơ khí, máy gia dụng",Đồ gia dụng lớn,Vào ngay,Bộ 4 Chân C**** R*** C** M** G**** T* T*** - T*** G*** C**** C*** Đ* C** S* C**** R**** C**** T**** T** ư*,358,tăng,30100,1,20,10,Đi lên,35 > 30 > 69 > 92 > 85,Đi ngang,8 > 8 > 15 > 8 > 8,https://www.tiktok.com/view/product/1730746848798804961,'1730746848798804961,2026-10-05 12:00
"Điện máy cơ khí, máy gia dụng",Đồ gia dụng lớn,Đang hot,Set 4 Chân K* M** G*** T* L**** C*** Đ* Đ* N*** C**** R*** L*** T*** G*** C**** C** C**** T*** T****,3900,giảm,198300,1,238,10,Đi ngang (gần đây giảm),72 > 86 > 92 > 84 > 74,Lên rồi sụt (gần đây giảm),39 > 33 > 63 > 64 > 8,https://www.tiktok.com/view/product/1729965481685519018,'1729965481685519018,2026-10-05 12:00
"Điện máy cơ khí, máy gia dụng",Đồ gia dụng lớn,Né ra,Bếp Gas Mini H*** N**** W****** W****** I*** - T*** K*** G** - H** 8**** L* Đ** Đ** - L** Đ** - D*** C** G** Đ**** D* L***,32,giảm,17900,2,12,8,Đi xuống,92 > 78 > 13 > 8 > 8,Đi lên (gần đây tăng),39 > 30 > 55 > 36 > 92,https://www.tiktok.com/view/product/1731129894833982291,'1731129894833982291,2026-10-05 12:00
"Điện máy cơ khí, máy gia dụng",Khác,Vào ngay,miễn phí vận c******* b** 5* n****************** h** c** đ** b** m** b** c*** m** b** n*** m** b** n*** h* c* m** b** n***,462,tăng,3800,1,127,,Đi xuống (gần đây giảm),92 > 71 > 63 > 86 > 66,Đi ngang (gần đây giảm),17 > 25 > 12 > 22 > 8,https://www.tiktok.com/view/product/1733635122779948040,'1733635122779948040,2026-10-05 12:00
"Điện máy cơ khí, máy gia dụng",Khác,Đang hot,Chốt mạ tự đ*** t**** m*** c** c**,1200,giảm,5900,7,39,,Lên rồi sụt,55 > 92 > 60 > 60 > 57,Đi ngang,17 > 25 > 19 > 8 > 8,https://www.tiktok.com/view/product/1733511383410115995,'1733511383410115995,2026-10-05 12:00
"Điện máy cơ khí, máy gia dụng",Khác,Đang giảm,Túi Hút Ẩm K** M** T*** 2 N*** S*** H** Ẩ* L** T** 5**** C**** M*** N*** Ẩ* C* M** T*** T* Q*** Á** T* G*** T*** L**,668,giảm,126300,1,15,12,Đi xuống,92 > 80 > 85 > 14 > 8,Đi ngang,8 > 17 > 12 > 8 > 8,https://www.tiktok.com/view/product/1731142160862250244,'1731142160862250244,2026-10-05 12:00
"Điện máy cơ khí, máy gia dụng",Máy bơm & Hệ thống đường ống,Vào ngay,"￼Bơm Xe Máy, X* Đ** C* Đ*** H* Đ* Á* S*** C** C**",450,tăng,9900,5,40,5,Sụt rồi bật lên (gần đây tăng),45 > 13 > 34 > 75 > 92,Đi ngang (gần đây giảm),8 > 8 > 12 > 22 > 8,https://www.tiktok.com/view/product/1731945978347161960,'1731945978347161960,2026-10-05 12:00
"Điện máy cơ khí, máy gia dụng",Máy bơm & Hệ thống đường ống,Đang hot,"Bơm Xe Đạp, X* M*** B** B*** T*** S**** N** G** D* D*** M*** T***",6100,giảm,94900,6,324,10,Đi ngang (gần đây giảm),74 > 75 > 92 > 90 > 80,Đi lên (gần đây tăng),30 > 47 > 40 > 74 > 92,https://www.tiktok.com/view/product/1730006076136262236,'1730006076136262236,2026-10-05 12:00
"Điện máy cơ khí, máy gia dụng",Máy bơm & Hệ thống đường ống,Đang giảm,THÂN Máy Bơm C*** P** G*** B***** Đ*** Á* 2** C*** S*** 3*** L** L**** 5**** Đ**** K*** Đ** R* 2*** D** Đ*** 4*** B** H*** 1* T****,,giảm,345,5,,,Lên rồi sụt,10 > 92 > 8 > 8 > 8,Đi ngang (gần đây giảm),22 > 17 > 15 > 22 > 8,https://www.tiktok.com/view/product/1734507741976168072,'1734507741976168072,2026-10-05 12:00
"Điện máy cơ khí, máy gia dụng",Thiết bị hàn,Vào ngay,"[ 555 ] Mặt nạ hàn Auto tự động sáng tối , che kín khuôn mặt , có đèn LED trợ sáng",271,tăng,7100,2,35,6,Đi xuống (gần đây giảm),69 > 89 > 46 > 92 > 8,Đi ngang,11 > 8 > 12 > 8 > 8,https://www.tiktok.com/view/product/1732262124214717119,'1732262124214717119,2026-10-05 12:00
"Điện máy cơ khí, máy gia dụng",Thiết bị hàn,Đang hot,Giắc Máy Hàn Đ*** T* Đ** C** - Đ** N** R** C** M** H** Đ*** L*** T* v* N**,2000,tăng,3200,75,69,,Lên rồi sụt (gần đây giảm),8 > 14 > 35 > 92 > 20,Lên rồi sụt (gần đây giảm),11 > 8 > 12 > 36 > 8,https://www.tiktok.com/view/product/1736358443083924921,'1736358443083924921,2026-10-05 12:00
"Điện máy cơ khí, máy gia dụng",Thiết bị hàn,Né ra,【REAIM】Máy Hàn Que M****************** 2*** I*** I******** M** H** Đ*** M**** H** S*** T**** I**** H* Q**** Ổ* Đ**** T*** K*** Đ**** D* M** L*** P** H** G** Đ**** X**** C* K*** D*** C*** T**** S** C***,101,giảm,995,17,105,,Lên rồi sụt (gần đây giảm),41 > 92 > 25 > 19 > 8,Lên rồi sụt,25 > 47 > 66 > 8 > 8,https://www.tiktok.com/view/product/1735885365798602385,'1735885365798602385,2026-10-05 12:00
Điện tử công nghệ,Âm thanh & Video,Vào ngay,Tai nghe True W******* S********* T* P** C**** Ồ* C** Đ*** B******** 5**,1300,tăng,16300,14,117,5,Đi lên (gần đây tăng),14 > 8 > 8 > 70 > 92,Đi ngang,17 > 11 > 15 > 8 > 8,https://www.tiktok.com/view/product/1732255766700526207,'1732255766700526207,2026-10-05 11:57
Điện tử công nghệ,Âm thanh & Video,Đang hot,X15 Tai Nghe N*** T** C*** N*** Đ** M** N*** [* Q** t**** c**** ồ* c** đ*** A*** Â* t**** n** m** H**** T**** k* c** s* v** c*** & P*** m** t**** p**** C*** n*** m* đ*** c** c*** C**** n*** i***,65700,tăng,165000,29,6800,,Đi lên (gần đây giảm),45 > 81 > 83 > 92 > 84,Đi lên (gần đây tăng),30 > 42 > 32 > 64 > 92,https://www.tiktok.com/view/product/1736301050880099582,'1736301050880099582,2026-10-05 11:57
Điện tử công nghệ,Âm thanh & Video,Né ra,Tai nghe nhét t** c* d** g** k*** â* t**** s***** v** 3*** v** d***** l** 1*** m** t**** k* v** v** t**** m*** c**** t**** k** v** đ*** t** t**** c* s** c** k** n** T***** / L******** / g*** 3** m*,876,giảm,6900,36,68,,Lên rồi sụt,8 > 92 > 30 > 8 > 8,Đi lên (gần đây tăng),8 > 31 > 43 > 43 > 92,https://www.tiktok.com/view/product/1736522956702319913,'1736522956702319913,2026-10-05 11:57
Điện tử công nghệ,Camera & Nhiếp ảnh,Vào ngay,Camera Wifi ngoài t*** I*** C****** 2 (**** I I************** I Đ** t**** 2 c**** I P*** h*** c***** đ*** I I***,252,tăng,17100,16,457,6,Lên rồi sụt (gần đây giảm),8 > 8 > 8 > 92 > 8,Đi ngang,8 > 8 > 15 > 8 > 8,https://www.tiktok.com/view/product/1729621331853806220,'1729621331853806220,2026-10-05 11:57
Điện tử công nghệ,Camera & Nhiếp ảnh,Đang hot,M2 MINI Gậy C*** Ả** Đ* N*** – G** s***** k*** c*** t****** 3 t**** 1 b** c** t*** D** 1*** c* t** đ*** c**** x*** 3** đ** Đ*** k**** B******** k**** d*** C** i***** v* A******,27800,giảm,309900,10,3900,10,Đi xuống,92 > 76 > 67 > 55 > 57,Đi ngang (gần đây giảm),76 > 65 > 60 > 92 > 63,https://www.tiktok.com/view/product/1734935457565934846,'1734935457565934846,2026-10-05 11:57
Điện tử công nghệ,Camera & Nhiếp ảnh,Đang giảm,[Độc Quyền Bảo A** C***** Y***** W*** 2 M** + t** 1*** l** 2* n**** X*** 3** Đ** đ** t**** 2 c**** (**** + T** 1****,,giảm,1000,7,,,Đi xuống,92 > 55 > 8 > 8 > 8,Đi ngang (gần đây giảm),22 > 14 > 19 > 22 > 8,https://www.tiktok.com/view/product/1733713604817618656,'1733713604817618656,2026-10-05 11:57
Điện tử công nghệ,Chơi game & Bảng điều khiển,Vào ngay,【Không Đường May B****** N*** T** C*** G*** B******* B** N*** T** & N*** C** C** Ứ** C** G*** T*** C**** M* H*** T***** K**,983,tăng,62100,56,91,10,Đi ngang,84 > 83 > 78 > 92 > 86,Đi lên (gần đây tăng),8 > 8 > 12 > 8 > 92,https://www.tiktok.com/view/product/1731646221705316676,'1731646221705316676,2026-10-05 11:58
Điện tử công nghệ,Chơi game & Bảng điều khiển,Đang hot,Găng tay chơi g*** c***** n***** B****** b*** v** b** c** P**** g*** t** 9* c*** v* b*** n*** c**,7600,giảm,34600,29,445,12,Đi lên,22 > 49 > 92 > 86 > 80,Lên rồi sụt (gần đây giảm),13 > 8 > 13 > 92 > 8,https://www.tiktok.com/view/product/1729917384024885851,'1729917384024885851,2026-10-05 11:58
Điện tử công nghệ,Chơi game & Bảng điều khiển,Đang giảm,Găng tay chơi g*** n*** t** v** b** s*** m*** c**** m* h** n*** c** c** P*** M*****,656,giảm,15300,2,24,,Đi xuống,80 > 92 > 24 > 16 > 13,Đi ngang,20 > 8 > 15 > 8 > 8,https://www.tiktok.com/view/product/1733722813384393913,'1733722813384393913,2026-10-05 11:58
Điện tử công nghệ,Điện thoại & Máy tính bảng,Vào ngay,MUA 2 TẶNG 1 T** M** X** T* V* - T*** 1 H** T*** K*** 3**,156,tăng,3800,9,22,,Đi xuống (gần đây giảm),92 > 45 > 45 > 69 > 57,Đi ngang (gần đây giảm),14 > 20 > 8 > 22 > 8,https://www.tiktok.com/view/product/1734331085666355168,'1734331085666355168,2026-10-05 11:58
Điện tử công nghệ,Điện thoại & Máy tính bảng,Đang hot,[DEAL ĐỘC QUYỀN ] [**** 2 C*** M** S** S*** T* Đ* N*** K** S***** C**** 4***** M** X** S*** T* 2 C** X**,5000,giảm,26300,99,1400,,Lên rồi sụt (gần đây giảm),8 > 8 > 92 > 76 > 45,Lên rồi sụt (gần đây giảm),8 > 8 > 58 > 92 > 8,https://www.tiktok.com/view/product/1737280490946528329,'1737280490946528329,2026-10-05 11:58
Điện tử công nghệ,Điện thoại & Máy tính bảng,Đang giảm,"[BẢO HÀNH 15 T***** Q*** m*** đ* b*** q*** t*** đ*** F********** c*** 5* g** l*** t** F** - F**** F** , T*** h** đ** n** v* s** T*****",,giảm,265800,0,,12,Đi xuống,92 > 8 > 8 > 8 > 8,Đi xuống,82 > 92 > 35 > 8 > 8,https://www.tiktok.com/view/product/1729618761024113100,'1729618761024113100,2026-10-05 11:58
Điện tử công nghệ,Khác,Vào ngay,USB Bluetooth 5.0/5.3/5.4 C** M** T*** P* L****** A****** B******** K** N** T** N*** L** C**** B** P***,775,tăng,47800,4,59,10,Sụt rồi bật lên,92 > 10 > 30 > 58 > 57,Đi ngang,8 > 11 > 12 > 8 > 8,https://www.tiktok.com/view/product/1729599760421718263,'1729599760421718263,2026-10-05 11:58
Điện tử công nghệ,Khác,Đang hot,USB Nhạc 2000 B** T***** V**** F*** G********** T** K**** Q**** C****** N*** 2*** B** F*** A**** – N*** T** L*** K*********** V****** H** – 1* G** N*** K**** D**** T*** L** C** C***** Đ* X*,7100,tăng,21100,18,1100,,Sụt rồi bật lên,66 > 19 > 32 > 88 > 92,Đi lên (gần đây tăng),13 > 15 > 17 > 29 > 92,https://www.tiktok.com/view/product/1734513037446186350,'1734513037446186350,2026-10-05 11:58
Điện tử công nghệ,Khác,Né ra,Tripod Gậy chụp ả** S***** 4 c*** A** 1** đ*** k**** t* x* T***** c*** ả** L*********,41,giảm,314800,16,11,,Đi xuống,92 > 66 > 10 > 8 > 8,Đi xuống (gần đây giảm),72 > 55 > 85 > 36 > 8,https://www.tiktok.com/view/product/1735719658375840933,'1735719658375840933,2026-10-05 11:58
Điện tử công nghệ,Linh kiện máy tính để bàn & máy tính xách tay,Vào ngay,Màn hình Cầm T** A****** 1*** i**** 1*** s*** F** 1***** C*** đ** M** h*** m** t*** x*** t*** Đ* t**** p*** m** c*** M** h*** I** c*** s** m*** T**** h** c** v** p**** v* g*** t** c** c*** Z**,554,tăng,4200,2,1700,5,Đi lên (gần đây tăng),50 > 46 > 64 > 78 > 92,Đi ngang,11 > 8 > 12 > 8 > 8,https://www.tiktok.com/view/product/1731776509414311616,'1731776509414311616,2026-10-05 11:58
Điện tử công nghệ,Linh kiện máy tính để bàn & máy tính xách tay,Đang hot,GiaDụngDuyKhánh68 | Bộ 4 K** G** C* Đ*** G* G***** D*** C**** X* D*** D** K** C*** G* N** C* G*** C*** C***,13600,tăng,86100,20,421,10,Đi xuống (gần đây giảm),79 > 80 > 59 > 92 > 48,Đi lên (gần đây tăng),15 > 29 > 26 > 57 > 92,https://www.tiktok.com/view/product/1732126841589958314,'1732126841589958314,2026-10-05 11:58
Điện tử công nghệ,Linh kiện máy tính để bàn & máy tính xách tay,Đang giảm,"ARZOPA Z1RC 16.0 "" M** h*** C** T*** , M** h*** I******* 2******** Q*** 1*** s**** C* C*** Đ* T*** H*** U***** H**** C*** S** M*** M** h*** T** H** B** N***** T**** T**** V** M** T*** X*** T** M*** Đ*** T***** P***** X**** S*****",339,giảm,3100,0,1300,5,Đi xuống (gần đây giảm),85 > 83 > 92 > 50 > 41,Đi ngang,11 > 8 > 8 > 8 > 8,https://www.tiktok.com/view/product/1731584807022790336,'1731584807022790336,2026-10-05 11:58
Điện tử công nghệ,Máy tính & Thiết bị Văn phòng,Theo dõi,Keo Trong 1 C** 1**** 1**** c**** H*** t*** n*** v** l* d* đ** ý !,1100,giảm,11500,5,80,5,Lên rồi sụt,8 > 92 > 45 > 8 > 8,Lên rồi sụt,28 > 80 > 45 > 8 > 8,https://www.tiktok.com/view/product/1735092136115144277,'1735092136115144277,2026-10-05 11:57
Điện tử công nghệ,Máy tính & Thiết bị Văn phòng,Theo dõi,Túi đựng dụng c* h** t** h** t*** n*** s** l*** đ*** t**** t*** c** c*** l*** m** n**** b*** v** d** t* s** t*** h*** K*********** D********,8100,giảm,41900,36,257,,Lên rồi sụt,17 > 92 > 51 > 8 > 8,Lên rồi sụt,20 > 64 > 63 > 8 > 8,https://www.tiktok.com/view/product/1735598145463486199,'1735598145463486199,2026-10-05 11:57
Điện tử công nghệ,Máy tính & Thiết bị Văn phòng,Đang giảm,File Nhựa PP A* N**** N*** - 3******* T* - L** T** T** L*** G** G*** - C*** L*** C*** C**,681,giảm,33100,2,32,,Đi xuống,70 > 92 > 22 > 8 > 8,Đi ngang,20 > 22 > 15 > 8 > 8,https://www.tiktok.com/view/product/1734109509949162996,'1734109509949162996,2026-10-05 11:57
Điện tử công nghệ,Phụ kiện đa năng,Vào ngay,[ Xả Kho G** G** b** X** ] Q*** C** T** M*** P**** B** X** P** T*********** 2** C** G*** P** T*** N**** M** S** B** H*** 1* T***** q*** m*** p**** b** x**,5700,tăng,21200,100,194,,Đi lên (gần đây giảm),8 > 8 > 70 > 92 > 76,Đi ngang (gần đây giảm),8 > 8 > 12 > 22 > 8,https://www.tiktok.com/view/product/1735684821601453953,'1735684821601453953,2026-10-05 11:57
Điện tử công nghệ,Phụ kiện đa năng,Đang hot,Đèn ngủ cạnh g***** k** m** c***** t** k**** k** G**** S**** p** h** c** p**** n** v* t*** n*** h** t*** b*** t**** d*** c** t** e*,145100,tăng,302300,52,9300,,Đi lên (gần đây tăng),29 > 63 > 90 > 80 > 92,Đi lên (gần đây giảm),32 > 35 > 87 > 92 > 78,https://www.tiktok.com/view/product/1734962598223709810,'1734962598223709810,2026-10-05 11:57
Điện tử công nghệ,Phụ kiện đa năng,Né ra,[Mới 2026] Quạt C** T** T** T***** | T** đ* g** t** 9*** Đ*** c**** 1** c** đ* | 6 M** s** T***** | V* n*** m** c** c** | C* k*** c*** t*** d** | P** b** 3******,18,giảm,85900,1,3,5,Đi xuống,88 > 92 > 10 > 8 > 8,Đi xuống (gần đây giảm),92 > 70 > 41 > 26 > 8,https://www.tiktok.com/view/product/1730726377018853578,'1730726377018853578,2026-10-05 11:57
Điện tử công nghệ,Phụ kiện điện thoại,Vào ngay,Ốp Lưng iPhone T** Đ** N**** C**** B** B** V* C***** d*** c** I* 6****************************************************** - R***,54400,tăng,609800,8,2200,16,Lên rồi sụt (gần đây giảm),31 > 17 > 48 > 92 > 8,Đi ngang,17 > 17 > 15 > 8 > 8,https://www.tiktok.com/view/product/1733008008280508354,'1733008008280508354,2026-10-05 11:57
Điện tử công nghệ,Phụ kiện điện thoại,Đang hot,Cáp Sạc Nhanh P* 3** T**** S**** T*** H** C*** B** V* C**** N**** B** G** 3 L*** S** N**** i***** 6**** 3 L** B** V*,58700,tăng,254900,28,8500,5,Đi xuống,87 > 92 > 80 > 74 > 67,Đi lên (gần đây tăng),33 > 47 > 45 > 77 > 92,https://www.tiktok.com/view/product/1733597828538861143,'1733597828538861143,2026-10-05 11:57
Điện tử công nghệ,Phụ kiện điện thoại,Né ra,LQ STORE Bộ C* C** S** N**** 2** D*** C** P**** C** B** D* T* N*** K** S** Đ** C**** G** G** Đ* B** C** S** N**** B** V* P** A* T*** C** Đ*** T***** k**** d*** c** 1********,399,giảm,11500,29,46,,Đi xuống,92 > 80 > 68 > 51 > 55,Đi lên (gần đây tăng),11 > 42 > 43 > 22 > 92,https://www.tiktok.com/view/product/1734122307042641336,'1734122307042641336,2026-10-05 11:57
Điện tử công nghệ,Phụ kiện máy tính bảng & máy tính,Vào ngay,Giá đỡ laptop t*** k** l**** t**** k* t*** l* l*** c* t** đ*** c**** đ* c*** t** c** g** g** t*** m*** t**** d*** đ* đ** b** h*** d*** đ*** t*** b** l** v**** g** đ* c** m** t*** b**** g** đ* t** n***** đ* n*** h*,759,tăng,4300,24,53,11,Đi lên (gần đây giảm),63 > 92 > 60 > 89 > 78,Đi lên (gần đây tăng),17 > 8 > 8 > 22 > 92,https://www.tiktok.com/view/product/1734078219981456420,'1734078219981456420,2026-10-05 11:58
Điện tử công nghệ,Phụ kiện máy tính bảng & máy tính,Đang hot,World Cup 2026 G** đ* m** t*** b*** i*** đ*** t**** c*** x*** 3** đ* c*** l*** h** k** n*** c** c**,2900,tăng,6900,55,235,,Đi lên,40 > 54 > 77 > 88 > 92,Lên rồi sụt (gần đây giảm),13 > 25 > 46 > 92 > 8,https://www.tiktok.com/view/product/1735372726270003140,'1735372726270003140,2026-10-05 11:58
Điện tử công nghệ,Phụ kiện máy tính bảng & máy tính,Né ra,MUA 1 TẶNG 1 - D** c** s** n**** đ* n*** 4 t**** 1* c*** s*** m*** 6*** t***** d* l*** 4****** d** s****** d** 1 m** 2* c**** r*** c**** đ** g*** đ** c** k** l**** đ* c*** s** T*** C****************** đ*** t**** A********** I********* h*** 1 đ** 1,369,giảm,2700,18,52,8,Đi xuống (gần đây giảm),73 > 92 > 78 > 48 > 23,Đi xuống,78 > 66 > 92 > 57 > 53,https://www.tiktok.com/view/product/1731656017138517522,'1731656017138517522,2026-10-05 11:58
Điện tử công nghệ,Thiết bị giáo dục,Vào ngay,combo 2 Sổ T** g*** m** 6** c** v* 1** t*** h**** m* p**** c** (**** C** H*** B C*** D*********** s* t** g*** a* a* s* t** đ***,487,tăng,14400,4,68,30,Đi xuống,92 > 56 > 45 > 57 > 52,Đi ngang,11 > 14 > 15 > 8 > 8,https://www.tiktok.com/view/product/1731673866503030243,'1731673866503030243,2026-10-05 11:58
Điện tử công nghệ,Thiết bị giáo dục,Đang hot,,15700,tăng,87000,30,1600,,Lên rồi sụt (gần đây giảm),64 > 92 > 36 > 79 > 45,Đi lên (gần đây tăng),22 > 32 > 26 > 24 > 92,https://www.tiktok.com/view/product/1736388429978765040,'1736388429978765040,2026-10-05 11:58
Điện tử công nghệ,Thiết bị giáo dục,Đang giảm,KY Y9 Máy T** N*** S*** Â* D* Đ**** L** S*** K***** M**** H*** Q*** N*** N*** C** V** Đ* V* N**** 3 C** Đ* L** S**** 4 L*** Đ** V** P*** T** C***** P** H** V** N**** Đ** T***** B*** C*** N*** L*** T*** L**** P** C** D***,756,giảm,11900,46,217,,Lên rồi sụt,57 > 92 > 25 > 8 > 8,Đi ngang,8 > 17 > 15 > 8 > 8,https://www.tiktok.com/view/product/1735287942329304861,'1735287942329304861,2026-10-05 11:58
Điện tử công nghệ,Thiết bị ngoại vi & Phụ kiện,Vào ngay,Switch Gateron Milky Y***** P** l***** 5** â* t*** d*** c** b** p*** c* s***** G****** M**** R** P** G****** D*** G***,7400,tăng,392800,25,333,5,Lên rồi sụt (gần đây giảm),31 > 11 > 8 > 92 > 8,Đi ngang,8 > 8 > 12 > 8 > 8,https://www.tiktok.com/view/product/1729691935191763453,'1729691935191763453,2026-10-05 11:57
Điện tử công nghệ,Thiết bị ngoại vi & Phụ kiện,Đang hot,Giá đỡ laptop m*** d* đ**** đ* t** n**** c** L****** k* l***** M****** s*** m*** d*** k******,6900,giảm,33700,31,243,,Lên rồi sụt (gần đây giảm),57 > 92 > 60 > 56 > 46,Đi lên (gần đây tăng),11 > 16 > 18 > 8 > 92,https://www.tiktok.com/view/product/1734470109081208772,'1734470109081208772,2026-10-05 11:57
Điện tử công nghệ,Thiết bị ngoại vi & Phụ kiện,Né ra,"[GOOJODOQ] Chuột k**** d** G******* B******** 2***** 2 t**** 1* C**** m** t*** k**** d** 2***** t**** k* m*** ,*** U** 2** + b********",601,giảm,209300,10,52,,Đi xuống,92 > 22 > 11 > 8 > 8,Đi lên (gần đây tăng),38 > 45 > 85 > 78 > 92,https://www.tiktok.com/view/product/1729425296903211641,'1729425296903211641,2026-10-05 11:57
Điện tử công nghệ,Thiết bị thông minh & Thiết bị đeo,Vào ngay,Đồng hồ thông m*** X***** S**** B*** 9 B********* B********* B******** - M** h*** A***** 1*** i*** - H** 1** c** đ* t** t*** - W***** S*********,1400,tăng,40900,2,2100,4,Sụt rồi bật lên (gần đây giảm),92 > 24 > 42 > 73 > 60,Đi ngang,17 > 14 > 12 > 8 > 8,https://www.tiktok.com/view/product/1731197500118371058,'1731197500118371058,2026-10-05 11:58
Điện tử công nghệ,Thiết bị thông minh & Thiết bị đeo,Đang hot,SmartTag Thiết bị đ*** v* B********* C* s** c** i********* A*** Đ*** v* c**** x*** c*** k**** ô t** x* m******* n*** c**** t*** l******* s* v* t****** C*****,10300,tăng,189400,8,1200,13,Lên rồi sụt (gần đây giảm),8 > 92 > 80 > 75 > 64,Đi lên (gần đây tăng),43 > 54 > 80 > 55 > 92,https://www.tiktok.com/view/product/1731458636190485389,'1731458636190485389,2026-10-05 11:58
Điện tử công nghệ,Thiết bị thông minh & Thiết bị đeo,Né ra,【Amoled】Aolon Tetra R4 Đ*** h* t**** m*** S********* T*** l**** p** l** đ** 1* n**** c**** s*** A**** h* t** m** h*** l*** b** (***** t*** h** đ** p** v* l* b*** đ*** h* t** t*** n**** t****,547,giảm,3400,19,660,,Đi xuống,69 > 92 > 71 > 51 > 50,Đi lên (gần đây giảm),52 > 63 > 87 > 92 > 71,https://www.tiktok.com/view/product/1734452860360296139,'1734452860360296139,2026-10-05 11:58
"Đồ ăn, đồ uống, tạp hoá",Đồ ăn vặt,Vào ngay,[ 1 Hũ 500.Gram ] Đậu Phộng Rang Tỏi Ớt Giòn Ngon - Cay Ăn Vặt,14200,tăng,79700,10,973,1,Lên rồi sụt (gần đây giảm),12 > 8 > 8 > 92 > 8,Đi xuống,25 > 11 > 19 > 8 > 8,https://www.tiktok.com/view/product/1729658297269062136,'1729658297269062136,2026-10-05 11:56
"Đồ ăn, đồ uống, tạp hoá",Đồ ăn vặt,Đang hot,Mã Mới - B*** t**** t** n**** L** T*** 8***,292100,tăng,892800,43,17200,7,Lên rồi sụt (gần đây giảm),8 > 92 > 79 > 76 > 45,Lên rồi sụt,17 > 66 > 92 > 22 > 26,https://www.tiktok.com/view/product/1732469986754725364,'1732469986754725364,2026-10-05 11:56
"Đồ ăn, đồ uống, tạp hoá",Đồ ăn vặt,Né ra,Kẹo Trái Cây 1** K** N*** K**** Đ**** 1* L*** H**** V* T** M** S*** K**** H** T**** 1* V* K** T*** M**** B*** K** T**,2800,giảm,40400,9,274,,Đi xuống,92 > 63 > 28 > 24 > 21,Đi xuống (gần đây tăng),92 > 81 > 57 > 36 > 50,https://www.tiktok.com/view/product/1734106424777606299,'1734106424777606299,2026-10-05 11:56
"Đồ ăn, đồ uống, tạp hoá",Đồ uống,Vào ngay,Hộp 30 Túi L** T** D*** C* R** M* S*** T** T**** N****,7400,tăng,149300,23,476,,Lên rồi sụt (gần đây giảm),13 > 8 > 8 > 92 > 9,Đi lên (gần đây tăng),20 > 20 > 12 > 8 > 92,https://www.tiktok.com/view/product/1736174786284062577,'1736174786284062577,2026-10-05 11:57
"Đồ ăn, đồ uống, tạp hoá",Đồ uống,Đang hot,[1 set pha 5 l** T** s** t*** c*** 9*****,43500,tăng,471100,3,1400,10,Lên rồi sụt (gần đây giảm),8 > 13 > 8 > 92 > 10,Đi xuống (gần đây tăng),92 > 48 > 55 > 56 > 72,https://www.tiktok.com/view/product/1729853149526526562,'1729853149526526562,2026-10-05 11:57
"Đồ ăn, đồ uống, tạp hoá",Đồ uống,Né ra,MẬT TÁO ĐỎ T** A* 2**** - T* n**** - T** đ** k* t*,7300,giảm,374700,9,1300,9,Lên rồi sụt,8 > 92 > 28 > 13 > 8,Đi lên (gần đây tăng),63 > 92 > 61 > 50 > 88,https://www.tiktok.com/view/product/1729978333305539359,'1729978333305539359,2026-10-05 11:57
"Đồ ăn, đồ uống, tạp hoá",Kẹp & Đồ dùng nấu ăn cần thiết,Vào ngay,[DEAL KOL] Combo g** 1 N*** T**** C****** ủ t* n**** 1** n*** 3**** v* 1 t**** ớ* C****** 1**,68300,tăng,598000,0,7400,8,Đi lên (gần đây giảm),8 > 8 > 8 > 92 > 71,Đi xuống,58 > 45 > 12 > 8 > 8,https://www.tiktok.com/view/product/1732410232851367896,'1732410232851367896,2026-10-05 11:56
"Đồ ăn, đồ uống, tạp hoá",Kẹp & Đồ dùng nấu ăn cần thiết,Đang hot,Tương ớt CHIN-SU c*** 2** M*,68400,tăng,616300,1,1400,8,Lên rồi sụt (gần đây giảm),8 > 8 > 8 > 92 > 8,Đi xuống,89 > 39 > 34 > 8 > 8,https://www.tiktok.com/view/product/1730910472481901528,'1730910472481901528,2026-10-05 11:56
"Đồ ăn, đồ uống, tạp hoá",Kẹp & Đồ dùng nấu ăn cần thiết,Né ra,Sốt chấm muối ớ* k** q*** G***** g** v* c*** h** s** g* l*** đ* n**** 2***,669,giảm,13000,34,55,9,Lên rồi sụt (gần đây giảm),36 > 87 > 92 > 42 > 28,Lên rồi sụt (gần đây giảm),17 > 67 > 63 > 92 > 50,https://www.tiktok.com/view/product/1729960677072997225,'1729960677072997225,2026-10-05 11:56
"Đồ ăn, đồ uống, tạp hoá",Khác,Vào ngay,Đá Nham Thạch T* N**** (** P****** 0*** L** N** - L** H* C* | N**** S*** & T**** L**** | D* D*** | T*** K*** C** H* L** | P** H** H* K** & H* L** S*** N**** N***,5500,tăng,27300,1,237,10,Lên rồi sụt (gần đây giảm),10 > 8 > 8 > 92 > 13,Đi ngang (gần đây giảm),8 > 11 > 8 > 22 > 8,https://www.tiktok.com/view/product/1732607870772741646,'1732607870772741646,2026-10-05 11:57
"Đồ ăn, đồ uống, tạp hoá",Khác,Đang hot,Sổ tay dẫn c**** n*** l*** x* h** - V******* (**** 2*** t*** c***** t**** m***,7100,giảm,28200,25,563,15,Đi lên (gần đây giảm),40 > 67 > 81 > 92 > 72,Lên rồi sụt (gần đây giảm),13 > 17 > 38 > 92 > 8,https://www.tiktok.com/view/product/1732617128870905842,'1732617128870905842,2026-10-05 11:57
"Đồ ăn, đồ uống, tạp hoá",Khác,Đang giảm,Combo Se Duyên - Ă* C*** B* T****,,giảm,35,26,,,Lên rồi sụt,8 > 47 > 8 > 8 > 8,Đi lên (gần đây tăng),8 > 39 > 38 > 36 > 92,https://www.tiktok.com/view/product/1736904590466975089,'1736904590466975089,2026-10-05 11:57
"Đồ ăn, đồ uống, tạp hoá",Nướng bánh,Vào ngay,,748,tăng,7100,2,99,10,Lên rồi sụt (gần đây giảm),35 > 65 > 77 > 92 > 60,Đi ngang,8 > 17 > 19 > 8 > 8,https://www.tiktok.com/view/product/1730505000892795823,'1730505000892795823,2026-10-05 11:57
"Đồ ăn, đồ uống, tạp hoá",Nướng bánh,Đang hot,[ĐỦ LOẠI] Bột B*** B** p** s** M* B****** G** l** & N***** C** 5**** T***** T**** v* T*** T*** T** 6*** (**** k** M** n** b** t*** t** & g*** l** b****,12700,tăng,353900,11,1000,1,Đi xuống (gần đây giảm),92 > 41 > 20 > 65 > 8,Đi lên (gần đây tăng),22 > 49 > 35 > 36 > 92,https://www.tiktok.com/view/product/1730237373039151167,'1730237373039151167,2026-10-05 11:57
"Đồ ăn, đồ uống, tạp hoá",Nướng bánh,Né ra,Bột kem Rose T***** T** l** s** t******** s** m* ý* m* t*** p** m** t*** n**** t*** l** - G** 1***,228,giảm,1900,24,38,12,Lên rồi sụt (gần đây giảm),28 > 92 > 57 > 39 > 26,Sụt rồi bật lên (gần đây tăng),65 > 79 > 92 > 19 > 75,https://www.tiktok.com/view/product/1732461302819423748,'1732461302819423748,2026-10-05 11:57
"Đồ ăn, đồ uống, tạp hoá",Sữa và bơ sữa,Đang hot,Thùng 48 hộp s** c*** u*** t*** t**** T* t*** Y***** T***** h**** d*** c** /************* m*** t* n**** 1** m* (*** m* x 4**,5700,tăng,335300,22,1,,Đi xuống (gần đây giảm),92 > 8 > 8 > 32 > 8,Lên rồi sụt (gần đây giảm),30 > 66 > 92 > 63 > 43,https://www.tiktok.com/view/product/1730894496913525080,'1730894496913525080,2026-10-05 11:57
"Đồ ăn, đồ uống, tạp hoá",Sữa và bơ sữa,Né ra,Sữa Nghệ Nano C******* H** S*** S** H** N*** C******* H** S** 3*** S** D* D*** S** N*** H* T** T*** H** D* D*** L** Đ** D*,340,,5700,13,374,,Lên rồi sụt (gần đây giảm),8 > 92 > 72 > 73 > 25,Sụt rồi bật lên (gần đây tăng),92 > 79 > 47 > 37 > 66,https://www.tiktok.com/view/product/1731218709055245183,'1731218709055245183,2026-10-05 11:57
"Đồ ăn, đồ uống, tạp hoá",Sữa và bơ sữa,Đang giảm,Combo 4 lon n*** c** d** t*** V******* 1**** - M** n***,6600,giảm,79800,9,484,10,Lên rồi sụt,8 > 92 > 87 > 9 > 8,Đi ngang (gần đây giảm),20 > 20 > 19 > 36 > 8,https://www.tiktok.com/view/product/1729545876237945047,'1729545876237945047,2026-10-05 11:57
"Đồ ăn, đồ uống, tạp hoá",Thức ăn cho chó & mèo,Vào ngay,Gói 1kg Hạt N****** T*** Ă* C** C** T***** T**** - V* G* B** H*** V* L*** T*** F******* T*** Q***,2200,tăng,4900,42,107,,Đi lên (gần đây tăng),25 > 38 > 57 > 73 > 92,Đi ngang,14 > 11 > 12 > 8 > 8,https://www.tiktok.com/view/product/1734992467786237510,'1734992467786237510,2026-10-05 11:57
"Đồ ăn, đồ uống, tạp hoá",Thức ăn cho chó & mèo,Đang hot,CUN CHOICE Thức ă* h** c** c** t***** t**** H**** v* t*** b* 1**,10500,tăng,93100,14,791,9,Đi xuống,92 > 77 > 78 > 74 > 69,Đi lên (gần đây tăng),23 > 25 > 30 > 33 > 92,https://www.tiktok.com/view/product/1733616422828016793,'1733616422828016793,2026-10-05 11:57
"Đồ ăn, đồ uống, tạp hoá",Thức ăn cho chó & mèo,Đang giảm,Hạt Cho Mèo S* P** V**** G** 1** - 7** T****** T*** S*** H* T** T*** H*** G*** B** L***,,giảm,19200,12,,6,Lên rồi sụt,19 > 92 > 8 > 8 > 8,Đi ngang,17 > 11 > 23 > 8 > 8,https://www.tiktok.com/view/product/1732774061402851138,'1732774061402851138,2026-10-05 11:57
"Đồ ăn, đồ uống, tạp hoá",Thực phẩm ăn liền,Vào ngay,Bánh Tráng Muối S*** T** - K** M*** C** K**** T**** G* Đ** - D*** C*** Đ*** M** Ă* S*** D*** - T** P** N***** C*** T*** N** M**,16500,tăng,351200,2,1300,1,Lên rồi sụt (gần đây giảm),42 > 17 > 11 > 92 > 14,Đi ngang,22 > 22 > 15 > 8 > 8,https://www.tiktok.com/view/product/1733445242362431145,'1733445242362431145,2026-10-05 11:56
"Đồ ăn, đồ uống, tạp hoá",Thực phẩm ăn liền,Đang hot,TOP MỠ SIU G*** S** S** 1*** ( T** M* D* G*** ),29600,tăng,169600,12,2300,,Đi xuống (gần đây giảm),89 > 70 > 82 > 92 > 72,Đi xuống,92 > 68 > 65 > 48 > 42,https://www.tiktok.com/view/product/1735036124652603001,'1735036124652603001,2026-10-05 11:56
"Đồ ăn, đồ uống, tạp hoá",Thực phẩm ăn liền,Né ra,[Jinmailang] M* d** c** S** T** c**** 5 g** t*** n**** n**** p*** n*** t***** h*** - T***** L*** H**** M* 0 c**** d** – l** c*** l*** m*** c** s** k***,6600,giảm,81200,12,1000,,Đi xuống (gần đây tăng),92 > 68 > 47 > 43 > 59,Sụt rồi bật lên (gần đây tăng),88 > 57 > 74 > 75 > 92,https://www.tiktok.com/view/product/1734297194511632058,'1734297194511632058,2026-10-05 11:56
"Đồ ăn, đồ uống, tạp hoá",Thực phẩm tươi & đông lạnh,Vào ngay,CẢM ƠN BẠN Đ* M** M** K*** R*** T** B**,77000,tăng,110700,100,8400,,Đi lên,8 > 8 > 14 > 90 > 92,Đi ngang (gần đây giảm),8 > 8 > 15 > 22 > 8,https://www.tiktok.com/view/product/1737509006683374799,'1737509006683374799,2026-10-05 11:57
"Đồ ăn, đồ uống, tạp hoá",Thực phẩm tươi & đông lạnh,Đang hot,,38900,tăng,220900,21,4800,7,Lên rồi sụt (gần đây giảm),23 > 17 > 55 > 92 > 62,Đi lên (gần đây giảm),17 > 20 > 29 > 92 > 78,https://www.tiktok.com/view/product/1730099402494871846,'1730099402494871846,2026-10-05 11:57
"Đồ ăn, đồ uống, tạp hoá",Thực phẩm tươi & đông lạnh,Né ra,Xuân Tùng - B*** t**** t** n**** m**** n**** t**** r*** 3******,5200,giảm,13900,53,370,,Lên rồi sụt (gần đây giảm),15 > 92 > 71 > 66 > 26,Lên rồi sụt,17 > 45 > 92 > 15 > 13,https://www.tiktok.com/view/product/1731093548813749112,'1731093548813749112,2026-10-05 11:57
"Nhà cửa đời sống, tiện ích",An ninh & An toàn,Vào ngay,Dây đai an t*** M** n** l** t*** t***** h*** C* c** c**,171,tăng,3100,8,20,6,Đi ngang (gần đây giảm),72 > 68 > 76 > 92 > 83,Đi ngang (gần đây giảm),11 > 11 > 12 > 22 > 8,https://www.tiktok.com/view/product/1730491628434393269,'1730491628434393269,2026-10-05 11:56
"Nhà cửa đời sống, tiện ích",An ninh & An toàn,Đang hot,"COMBO 12 Đôi G*** T** V** L** Đ*** C* D** 2 M** Đ****** , C* G**** B*** D*** N**** L*** V**",9400,giảm,12500,65,779,,Đi lên (gần đây tăng),8 > 28 > 84 > 84 > 92,Đi lên (gần đây tăng),8 > 21 > 25 > 47 > 92,https://www.tiktok.com/view/product/1736567800251254655,'1736567800251254655,2026-10-05 11:56
"Nhà cửa đời sống, tiện ích",An ninh & An toàn,Đang giảm,Chuông cửa không d** c** c** l*** t** c**** n*** g** 3* k*** c***** l** đ** d* d***,,giảm,482,10,,8,Lên rồi sụt,42 > 92 > 8 > 8 > 8,Đi ngang (gần đây giảm),8 > 30 > 15 > 22 > 8,https://www.tiktok.com/view/product/1733695380267041842,'1733695380267041842,2026-10-05 11:56
"Nhà cửa đời sống, tiện ích",Dụng cụ & phụ kiện giặt là,Vào ngay,"Giỏ đựng quần á* 2 l** c** c** 1*** b*** v** O*************** ,************** đ*** c*** m** đ* n****** t** g** g****** c** t** t**** t**",2000,tăng,4800,41,202,,Đi lên,31 > 42 > 71 > 92 > 90,Đi lên (gần đây tăng),11 > 8 > 8 > 8 > 92,https://www.tiktok.com/view/product/1735222759646856937,'1735222759646856937,2026-10-05 11:56
"Nhà cửa đời sống, tiện ích",Dụng cụ & phụ kiện giặt là,Đang hot,Cuộn Dây Phơi Đ* D** 5* C*** L*** N**** B** B* C* M** T*** K**** G* T*** L** C** D* L*** V* C** T***,12900,tăng,47700,31,344,11,Lên rồi sụt (gần đây giảm),18 > 25 > 60 > 92 > 46,Lên rồi sụt (gần đây giảm),11 > 25 > 45 > 64 > 8,https://www.tiktok.com/view/product/1732216562828741510,'1732216562828741510,2026-10-05 11:56
"Nhà cửa đời sống, tiện ích",Dụng cụ & phụ kiện giặt là,Né ra,【SALE NOEL - M** 1 T*** 1***** G*** Đ* L** K******* - K**** K**** 9***** D*** M** & K** M** | L** S*** N** N***** K**** H** V** | C***** D*** Á* L**,717,giảm,19600,39,85,10,Đi xuống,92 > 46 > 25 > 22 > 19,Lên rồi sụt (gần đây tăng),13 > 34 > 92 > 24 > 39,https://www.tiktok.com/view/product/1732258727008044359,'1732258727008044359,2026-10-05 11:56
"Nhà cửa đời sống, tiện ích",Dụng cụ làm vườn,Vào ngay,Túi Đựng Kéo C** C*** & C** X** S******* C** C** – B** Đ** H*** C**** V* Đ*** T*** L** C** L** V***,599,tăng,1700,28,105,,Đi lên,13 > 48 > 33 > 85 > 92,Đi ngang (gần đây giảm),8 > 20 > 15 > 22 > 8,https://www.tiktok.com/view/product/1736066288270018286,'1736066288270018286,2026-10-05 11:56
"Nhà cửa đời sống, tiện ích",Dụng cụ làm vườn,Đang hot,Kéo cắt cành t** l** S*** l*** s*** s*** c* k*** a* t**** t** c** c**** t****,6000,tăng,9700,59,386,,Đi lên (gần đây giảm),14 > 29 > 60 > 92 > 83,Lên rồi sụt (gần đây giảm),16 > 19 > 34 > 92 > 54,https://www.tiktok.com/view/product/1735283342643725617,'1735283342643725617,2026-10-05 11:56
"Nhà cửa đời sống, tiện ích",Dụng cụ làm vườn,Đang giảm,[ COMBO SỈ ] G*** T** 5** B** H* L** Đ*** P** S** h*** C**** H***,373,giảm,16000,2,47,,Đi xuống,92 > 65 > 35 > 12 > 8,Đi ngang,20 > 8 > 19 > 8 > 8,https://www.tiktok.com/view/product/1734652053423883614,'1734652053423883614,2026-10-05 11:56
"Nhà cửa đời sống, tiện ích",Đèn & hệ thống chiếu sáng,Vào ngay,Máy Chiếu Bầu T*** Đ** S** A***** B******** Đ** N** B** T*** Đ** S*** Đ** T** K**** K** Đ** G***** L*** M*** Đ** M** S**,3100,tăng,16000,7,225,,Đi lên,55 > 64 > 66 > 90 > 92,Đi ngang (gần đây giảm),17 > 17 > 12 > 22 > 8,https://www.tiktok.com/view/product/1731342121952773125,'1731342121952773125,2026-10-05 11:55
"Nhà cửa đời sống, tiện ích",Đèn & hệ thống chiếu sáng,Đang hot,Hợp kim nhôm Đ******** p** s*** s*** h*** n*** 2****** m** c* t** s** l** d* d*** m*** t***,20500,tăng,39000,100,1500,,Lên rồi sụt (gần đây giảm),8 > 8 > 35 > 92 > 51,Đi lên (gần đây giảm),8 > 8 > 40 > 92 > 80,https://www.tiktok.com/view/product/1736630641603282726,'1736630641603282726,2026-10-05 11:55
"Nhà cửa đời sống, tiện ích",Đèn & hệ thống chiếu sáng,Né ra,Đèn Tích Điện N*** L**** M** T*** 3 i* 1 - Đ** P** C**** S*** T*** H** Q**** S** P** Đ*** T****,1100,giảm,108800,4,135,10,Đi xuống (gần đây giảm),92 > 80 > 55 > 47 > 33,Đi xuống (gần đây tăng),92 > 37 > 40 > 32 > 48,https://www.tiktok.com/view/product/1731592672643679302,'1731592672643679302,2026-10-05 11:55
"Nhà cửa đời sống, tiện ích",Đồ dùng & thiết bị điện,Vào ngay,Hinoki Ổ cắm c*** t** 2******* c*** s*** 6**** (**** c* d***,680,tăng,45900,4,37,3,Đi xuống (gần đây giảm),92 > 79 > 28 > 40 > 24,Đi ngang (gần đây giảm),22 > 14 > 15 > 22 > 8,https://www.tiktok.com/view/product/1729476390046894142,'1729476390046894142,2026-10-05 11:56
"Nhà cửa đời sống, tiện ích",Đồ dùng & thiết bị điện,Đang hot,【Free ship】Ổ cắm đ*** đ* n*** Ổ c** đ*** t**** m*** 5 p**** c*** 2 c*** s** U*** 9 ổ c** đ* n*** d** d** 1** m** đ***,6400,tăng,8800,51,411,,Đi lên (gần đây giảm),12 > 10 > 22 > 92 > 84,Lên rồi sụt (gần đây giảm),20 > 14 > 55 > 92 > 8,https://www.tiktok.com/view/product/1734641368877008409,'1734641368877008409,2026-10-05 11:56
"Nhà cửa đời sống, tiện ích",Đồ dùng & thiết bị điện,Né ra,Ổ Cắm Điện Đ* N*** H*** T** G*** N**** Ổ K** 3 U** + 1 T*** C* C* C*** Đ********* G*** A* T***,533,giảm,104600,37,179,10,Lên rồi sụt (gần đây giảm),46 > 92 > 82 > 73 > 52,Lên rồi sụt (gần đây giảm),44 > 13 > 55 > 92 > 8,https://www.tiktok.com/view/product/1735112511095473589,'1735112511095473589,2026-10-05 11:56
"Nhà cửa đời sống, tiện ích",Đồ dùng chăm sóc nhà cửa,Vào ngay,Túi rác tiện d*** M*** c* q*** h**** I****** h**** l******** h**** c**** t*** c**** x*** k*** c*** â* i*****,5500,tăng,82900,7,418,,Lên rồi sụt (gần đây giảm),35 > 20 > 29 > 92 > 43,Đi ngang,14 > 17 > 15 > 8 > 8,https://www.tiktok.com/view/product/1734467703531145204,'1734467703531145204,2026-10-05 11:54
"Nhà cửa đời sống, tiện ích",Đồ dùng chăm sóc nhà cửa,Đang hot,[10 bịch] Caipiao G*** t*** g** d* t***** 1* g** m** t***** m** m** a* t*** t**** m*** d*** đ* c**********************************,157400,tăng,594900,30,15200,10,Đi lên (gần đây giảm),27 > 90 > 78 > 92 > 70,Đi lên (gần đây tăng),34 > 35 > 50 > 62 > 92,https://www.tiktok.com/view/product/1735636051366479647,'1735636051366479647,2026-10-05 11:54
"Nhà cửa đời sống, tiện ích",Đồ dùng chăm sóc nhà cửa,Né ra,【MUA 1 TẶNG 2*** 3 C*** B** V* S*** B** C** 5**** - D*** K**** & K** M** T********* T** | A* T*** T**** Đ** C** T** E** D* N*** C** & V** N*** | K**** H** C*** - K**** C** C**,2900,giảm,73500,31,350,10,Đi xuống (gần đây giảm),92 > 85 > 50 > 50 > 39,Lên rồi sụt (gần đây giảm),15 > 45 > 92 > 28 > 8,https://www.tiktok.com/view/product/1732677369422972305,'1732677369422972305,2026-10-05 11:54
"Nhà cửa đời sống, tiện ích",Đồ dùng cho lễ hội & bữa tiệc,Vào ngay,,6800,tăng,34600,30,55,,Lên rồi sụt (gần đây giảm),45 > 31 > 54 > 92 > 41,Lên rồi sụt (gần đây giảm),11 > 8 > 8 > 36 > 8,https://www.tiktok.com/view/product/1732288491943200876,'1732288491943200876,2026-10-05 11:56
"Nhà cửa đời sống, tiện ích",Đồ dùng cho lễ hội & bữa tiệc,Đang hot,Găng Tay HTA T**** S*** V**** D** D** - S*** S M L - C**** N*** C**** R*** - A* T*** C** D* - D*** C** T*** P*** S** P*** X** T*** M*,10200,tăng,719300,2,626,7,Đi ngang,78 > 55 > 83 > 92 > 90,Đi xuống (gần đây giảm),92 > 61 > 47 > 79 > 62,https://www.tiktok.com/view/product/1731439384793941277,'1731439384793941277,2026-10-05 11:56
"Nhà cửa đời sống, tiện ích",Đồ dùng cho lễ hội & bữa tiệc,Đang giảm,Đèn Projector LED B** T*** S** M** T***** Đ** N** C**** L*** T**** T** P**** N*** Đ** N** D**** S*** T*** Q** T***,7400,giảm,115200,6,713,10,Lên rồi sụt,60 > 35 > 92 > 52 > 48,Đi ngang (gần đây giảm),17 > 17 > 8 > 22 > 8,https://www.tiktok.com/view/product/1732627980541854928,'1732627980541854928,2026-10-05 11:56
"Nhà cửa đời sống, tiện ích",Đồ dùng cho thú cưng,Vào ngay,Set Dây dắt n*** c** m** P** c**** t*** c* - H*** h** v** c** c** D** d** y** P** c** m** m*** 1** (***** v***,1800,tăng,97100,8,37,10,Lên rồi sụt (gần đây giảm),31 > 28 > 37 > 92 > 35,Đi ngang (gần đây giảm),14 > 14 > 8 > 22 > 8,https://www.tiktok.com/view/product/1729662092333910205,'1729662092333910205,2026-10-05 11:55
"Nhà cửa đời sống, tiện ích",Đồ dùng cho thú cưng,Đang hot,"Khăn cho Pet, K*** v** k** n**** s*** t**** K*** c** c*** K*** c** m**",17600,tăng,268400,5,985,10,Đi xuống,92 > 43 > 36 > 36 > 33,Sụt rồi bật lên,88 > 51 > 85 > 85 > 92,https://www.tiktok.com/view/product/1729668503681075389,'1729668503681075389,2026-10-05 11:55
"Nhà cửa đời sống, tiện ích",Đồ dùng cho thú cưng,Né ra,Xịt Ve Rận C** T** – D*** S*** V* R** B* C**** A* T*** C** T** C*** v* C** 1*************** M********* F** P**,169,giảm,64100,26,37,15,Đi xuống,92 > 27 > 11 > 8 > 8,Lên rồi sụt (gần đây giảm),17 > 23 > 43 > 92 > 8,https://www.tiktok.com/view/product/1732016313241405867,'1732016313241405867,2026-10-05 11:55
"Nhà cửa đời sống, tiện ích",Đồ dùng nhà bếp,Vào ngay,Combo 5 khay l** đ* t* l*** 6 v*** l** / 1* v*** n** – N*** d** P* 1*** c**** p*** - D* l** đ*,6400,tăng,62700,4,302,10,Lên rồi sụt (gần đây giảm),12 > 19 > 8 > 92 > 9,Đi ngang (gần đây giảm),14 > 11 > 12 > 36 > 8,https://www.tiktok.com/view/product/1730265652887194536,'1730265652887194536,2026-10-05 11:55
"Nhà cửa đời sống, tiện ích",Đồ dùng nhà bếp,Đang hot,(Combo 10 - 5 t*** t** m*** b** t*** p*** c* g*** s*** d** c* c*** k** t** g** - t*** í** s* d***,19900,tăng,78000,25,933,,Đi lên,55 > 55 > 92 > 90 > 86,Đi lên (gần đây tăng),21 > 18 > 24 > 61 > 92,https://www.tiktok.com/view/product/1735251310266516775,'1735251310266516775,2026-10-05 11:55
"Nhà cửa đời sống, tiện ích",Đồ dùng nhà bếp,Né ra,【Mua 12 tặng 1* 】**** I*** (*** t*** n***** c** d** 1*** c** s*** b*** v* c*** l**** v*** t****,1100,giảm,16300,11,80,5,Lên rồi sụt (gần đây giảm),56 > 92 > 92 > 63 > 39,Đi lên (gần đây tăng),20 > 57 > 51 > 40 > 92,https://www.tiktok.com/view/product/1733900497933403509,'1733900497933403509,2026-10-05 11:55
"Nhà cửa đời sống, tiện ích",Đồ dùng phòng tắm,Vào ngay,"Khăn Tắm , Q*** Đ** , L** M** C***** D*** S** H** H** T**** . S** M********* M** M** T*** H** K**** R* M** K**** R*** L*** - 1",5100,tăng,73800,1,230,,Lên rồi sụt (gần đây giảm),10 > 8 > 71 > 92 > 13,Đi ngang (gần đây giảm),20 > 14 > 12 > 22 > 8,https://www.tiktok.com/view/product/1734089598530651960,'1734089598530651960,2026-10-05 11:55
"Nhà cửa đời sống, tiện ích",Đồ dùng phòng tắm,Đang hot,"[WH] Khăn tắm, C* L*** T**** k* T*** Đ** g*** v* t**** l**** T*** H** n***** M** m** v* t*** t**** v** d** H** T** H**** B** T** t** g***",66300,giảm,482400,11,8600,11,Đi xuống (gần đây giảm),92 > 74 > 84 > 68 > 57,Đi lên (gần đây giảm),46 > 39 > 42 > 92 > 70,https://www.tiktok.com/view/product/1732966321645323717,'1732966321645323717,2026-10-05 11:55
"Nhà cửa đời sống, tiện ích",Đồ dùng phòng tắm,Né ra,Bàn Chải Cơ T** C** T** Đ* T*** L** B*** G** Đ*** T**** K* Đ* C** V* M** X*,1500,giảm,8400,19,165,15,Đi xuống (gần đây giảm),92 > 76 > 56 > 50 > 33,Lên rồi sụt (gần đây tăng),57 > 92 > 65 > 35 > 66,https://www.tiktok.com/view/product/1732010792276165975,'1732010792276165975,2026-10-05 11:55
"Nhà cửa đời sống, tiện ích",Đồ đạc nhà bếp,Vào ngay,Combo 2 Đầu V** T*** Á* R** B** X*** 3** Đ** D** N** Đ** V** N*** D** 1*** C* N** Đ*** C**** X*** 3**,633,tăng,2300,6,39,15,Đi lên,15 > 45 > 65 > 92 > 88,Đi ngang (gần đây giảm),11 > 11 > 8 > 22 > 8,https://www.tiktok.com/view/product/1732044407264478696,'1732044407264478696,2026-10-05 11:56
"Nhà cửa đời sống, tiện ích",Đồ đạc nhà bếp,Đang hot,Túi Lọc Vòi N*** C**** 2******* C*** B*** L** V** N*** Đ* N**** L** C** B** R* S** T** C**** N*** S*** H** C** V** B** P**** T**,8200,giảm,14200,29,608,,Lên rồi sụt (gần đây giảm),8 > 54 > 92 > 88 > 67,Lên rồi sụt (gần đây giảm),30 > 50 > 34 > 92 > 36,https://www.tiktok.com/view/product/1736385730868577807,'1736385730868577807,2026-10-05 11:56
"Nhà cửa đời sống, tiện ích",Đồ đạc nhà bếp,Đang giảm,Đầu vòi lọc n*** 6 t*** s*** s*** t** h* m** l** c** b*** v* k**** s* d*** d* d**** l** s*** c** b* a* t*** c** s** k*** v** l** n*** t**** m***,1100,giảm,29300,1,21,7,Đi xuống,75 > 61 > 92 > 40 > 43,Đi ngang,20 > 8 > 12 > 8 > 8,https://www.tiktok.com/view/product/1730549667133032584,'1730549667133032584,2026-10-05 11:56
"Nhà cửa đời sống, tiện ích",Đồ đạc nhà tắm,Vào ngay,vòi hoa sen v** s** t*** á* V** h** s** t*** á* c** c** t***** h*** “*** C**** c* 3 c** đ* p*** n**** n** b** c***** c** đ* t*** l*** h*** c**** h*** b** h*** 2 n** v** h** s** t*** á* T*** k** ố** n*** 1***,459,tăng,4900,5,64,8,Lên rồi sụt (gần đây giảm),58 > 68 > 57 > 92 > 67,Đi ngang (gần đây giảm),14 > 20 > 12 > 22 > 8,https://www.tiktok.com/view/product/1732386512357524729,'1732386512357524729,2026-10-05 11:56
"Nhà cửa đời sống, tiện ích",Đồ đạc nhà tắm,Đang hot,【Bộ vòi sen t** m** đ** đ** g***** c** đ* p*** n**** t** h**** t*** n***** t** t** g**** G** c* p*** c***** l** đ** d* d**** l** m** k**** g*** p**** t*** M** n**** s****** á* v** s** n** t** v** h** s** v** s** t*** á*,6000,giảm,67300,6,325,9,Đi lên,47 > 73 > 83 > 86 > 92,Đi lên (gần đây tăng),40 > 26 > 17 > 36 > 92,https://www.tiktok.com/view/product/1730983776799853079,'1730983776799853079,2026-10-05 11:56
"Nhà cửa đời sống, tiện ích",Đồ đạc nhà tắm,Đang giảm,Sen Cây Tắm Đ*** B**** – T*** Đ*** T**** X*** C***** C** Đ* T*** L*** T**** K* C** C** - B** H*** C**** H*** 5 N***,,giảm,1500,22,,8,Đi xuống,92 > 8 > 8 > 8 > 8,Đi ngang (gần đây giảm),8 > 17 > 19 > 22 > 8,https://www.tiktok.com/view/product/1731053780766787691,'1731053780766787691,2026-10-05 11:56
"Nhà cửa đời sống, tiện ích",Đồ đựng trong nhà,Vào ngay,Kệ Nhà Tắm Đ* Đ* Đ* N**** G** Đ* Đ* V** D*** G** N** T*** N** B*** K****** C** C** P****** T***** T*****,3000,tăng,70300,2,314,8,Lên rồi sụt (gần đây giảm),22 > 15 > 8 > 92 > 9,Đi ngang,17 > 14 > 12 > 8 > 8,https://www.tiktok.com/view/product/1729602284482235346,'1729602284482235346,2026-10-05 11:55
"Nhà cửa đời sống, tiện ích",Đồ đựng trong nhà,Đang hot,Combo 50 móc i*** d** t**** c*** l** s*** d**** c*** c*** t*** đ** v** d*** đ* n******* t*** i***,20100,tăng,62900,33,861,5,Đi lên (gần đây tăng),28 > 40 > 59 > 82 > 92,Đi lên (gần đây tăng),18 > 20 > 38 > 80 > 92,https://www.tiktok.com/view/product/1731561874171071102,'1731561874171071102,2026-10-05 11:55
"Nhà cửa đời sống, tiện ích",Đồ đựng trong nhà,Né ra,(SIÊU TIẾT KIỆM - B*** L** 3** C*** T** M*** B** T*** P*** T*** T**** D*** R** X*** V*** A* T*** T*** L*** C*** C* D*** C*** L*** P* D** B*** (*****,1600,giảm,61700,18,194,8,Lên rồi sụt (gần đây giảm),57 > 92 > 22 > 23 > 8,Đi lên (gần đây tăng),32 > 60 > 68 > 25 > 92,https://www.tiktok.com/view/product/1732626228898006171,'1732626228898006171,2026-10-05 11:55
"Nhà cửa đời sống, tiện ích",Đồ gia dụng khác,Vào ngay,"Áo Mưa Siêu N***** M** D** K** T******** D* D* C* ,** T* O****** C*** Á* M** N** N* T*** T***** C**** T*** T******** n*** n**** k******* 1** & 1***** d*** M** X**",13400,tăng,91700,14,2100,10,Lên rồi sụt (gần đây giảm),29 > 8 > 57 > 92 > 8,Đi ngang,11 > 8 > 15 > 8 > 8,https://www.tiktok.com/view/product/1730414279813793907,'1730414279813793907,2026-10-05 11:56
"Nhà cửa đời sống, tiện ích",Đồ gia dụng khác,Đang hot,,54000,tăng,78500,60,6400,,Lên rồi sụt (gần đây giảm),10 > 26 > 81 > 92 > 63,Lên rồi sụt (gần đây giảm),20 > 21 > 50 > 92 > 58,https://www.tiktok.com/view/product/1735778796856641470,'1735778796856641470,2026-10-05 11:56
"Nhà cửa đời sống, tiện ích",Đồ gia dụng khác,Đang giảm,Ô dù che m** c** n*** c**** U* B**** N**** U******* 8 n** đ*** m* t* đ*** g** n** g** c** t**,3700,giảm,24700,0,534,10,Lên rồi sụt,8 > 8 > 92 > 8 > 8,Đi ngang,11 > 8 > 8 > 8 > 8,https://www.tiktok.com/view/product/1731111650338114233,'1731111650338114233,2026-10-05 11:56
"Nhà cửa đời sống, tiện ích",Đồ nội thất,Vào ngay,【Live】Tủ quần áo T*** 5 t**** n*** k** b** c**** đ*** đ*** đ* c**** v** d*** n** c*** n*** D** T*** n**** m** s** l** c***,4000,tăng,53300,85,6100,,Lên rồi sụt (gần đây giảm),9 > 15 > 9 > 92 > 9,Đi lên (gần đây tăng),8 > 8 > 8 > 8 > 92,https://www.tiktok.com/view/product/1731028209693789138,'1731028209693789138,2026-10-05 11:55
"Nhà cửa đời sống, tiện ích",Đồ nội thất,Đang hot,[DEAL HOT]Kệ Nhựa M*** 2 T*** H** Q*** Đ*** Đ* Đ* N*** S*** X*** K* X** G** T**** T** Đ* B** Đ* K* M* P***,21600,tăng,390200,10,502,6,Đi lên (gần đây tăng),52 > 51 > 63 > 83 > 92,Đi lên (gần đây tăng),21 > 32 > 32 > 72 > 92,https://www.tiktok.com/view/product/1731666877800940610,'1731666877800940610,2026-10-05 11:55
"Nhà cửa đời sống, tiện ích",Đồ nội thất,Né ra,Ống Đựng Nhang G* T* N**** Đ** T** L** M* V*** – Ố** C** H**** B** T** S*** T***** P**** T*** M** M**,450,giảm,11300,13,45,,Đi xuống,92 > 82 > 32 > 9 > 11,Đi lên (gần đây tăng),61 > 45 > 77 > 78 > 92,https://www.tiktok.com/view/product/1734064492892751611,'1734064492892751611,2026-10-05 11:55
"Nhà cửa đời sống, tiện ích",Giày,Vào ngay,[MUA 5 TẶNG 2* M**** d** l** g*** c** g** G***** c**** r** g*** m**** d** c* l** s****** b** c**** M**** L** G*** m** s** c* k** s*** d**** đ** b** v* g** c**** N***** C** S* - M**,7800,tăng,154200,20,306,10,Lên rồi sụt (gần đây giảm),8 > 8 > 8 > 92 > 8,Đi ngang,8 > 8 > 15 > 8 > 8,https://www.tiktok.com/view/product/1729679823631322000,'1729679823631322000,2026-10-05 11:56
"Nhà cửa đời sống, tiện ích",Giày,Đang hot,[MUA 3 ĐƯỢC 7* C**** 3 c*** x** t** b** v* s*** g**** v** p********* G*** c** c**,6400,giảm,226100,3,582,10,Đi xuống (gần đây giảm),69 > 83 > 92 > 84 > 50,Đi lên (gần đây tăng),30 > 28 > 41 > 80 > 92,https://www.tiktok.com/view/product/1730008754030283165,'1730008754030283165,2026-10-05 11:56
"Nhà cửa đời sống, tiện ích",Giày,Né ra,Bình Xịt Khử M** G*** 2**** C*** N*** B** A*** C*** X** C**** H** C*** N*** M* H** D*** K****,244,giảm,138200,9,18,16,Đi xuống,92 > 49 > 10 > 8 > 8,Đi lên (gần đây tăng),13 > 21 > 36 > 47 > 92,https://www.tiktok.com/view/product/1729554033799302121,'1729554033799302121,2026-10-05 11:56
"Nhà cửa đời sống, tiện ích",Hàng dệt & Đồ nội thất mềm,Vào ngay,Thảm trải sàn n* v** p***** t*** l** s** c** h*** p**** k**** d** 3*** n** ở* t*** n* đ* s* k*** s** k**** t*** d**** c*** ả** E***,7300,tăng,374000,6,239,12,Lên rồi sụt (gần đây giảm),19 > 12 > 11 > 92 > 18,Đi ngang (gần đây giảm),22 > 14 > 12 > 22 > 8,https://www.tiktok.com/view/product/1729541808865774126,'1729541808865774126,2026-10-05 11:55
"Nhà cửa đời sống, tiện ích",Hàng dệt & Đồ nội thất mềm,Đang hot,Thảm lau chân n** t*** t*** c*** c*** m** H** S*** G** D** n** b** c**** t*** t**** t*** n*** 4****** H*** C**** E***,32100,giảm,1600000,8,1000,11,Lên rồi sụt (gần đây giảm),61 > 78 > 92 > 72 > 64,Đi lên,42 > 47 > 57 > 88 > 92,https://www.tiktok.com/view/product/1729755340031232558,'1729755340031232558,2026-10-05 11:55
"Nhà cửa đời sống, tiện ích",Hàng dệt & Đồ nội thất mềm,Né ra,Thảm lau chân l*** c** m** m*** đ* c** s* c**** t***** t*** n** t*** c** r* v*** d**** p**** n*** h** t*** đ*** y*** k*** t**** 4******* H*********** E*** E***,640,giảm,41000,34,25,,Lên rồi sụt,13 > 92 > 12 > 8 > 8,Lên rồi sụt (gần đây giảm),20 > 92 > 80 > 65 > 8,https://www.tiktok.com/view/product/1736459482285442577,'1736459482285442577,2026-10-05 11:55
"Nhà cửa đời sống, tiện ích",Hành lý & Túi xách,Vào ngay,Túi Xách Đi B**** T** Đ*** Đ* T**** Đ**** T** Đ** V** F*** L*** T** X*** K**** T*** N*** B** Q*** Đ* C* N*** - K* 3***********,454,tăng,6400,8,65,10,Lên rồi sụt (gần đây giảm),54 > 48 > 78 > 92 > 61,Đi ngang (gần đây giảm),14 > 11 > 12 > 36 > 8,https://www.tiktok.com/view/product/1731299793838114419,'1731299793838114419,2026-10-05 11:56
"Nhà cửa đời sống, tiện ích",Hành lý & Túi xách,Đang hot,"Túi Xách Du L**** T*** Đ**** Đ** Đ* N*** N**** H** T*** D* N* , P** H** D* L*** M* B** S** P** N* S***",21100,tăng,414000,9,1300,11,Đi xuống (gần đây tăng),87 > 92 > 71 > 63 > 71,Đi lên (gần đây tăng),30 > 33 > 25 > 71 > 92,https://www.tiktok.com/view/product/1730032110933739809,'1730032110933739809,2026-10-05 11:56
"Nhà cửa đời sống, tiện ích",Hành lý & Túi xách,Né ra,[JC] Vali Du L*** J****** U**** 6** N*** A** S*** B** Đ*** Đ* S**** C* B*** X* K** 3**** B** H*** 6 N**,136,,2800,26,127,,Lên rồi sụt (gần đây giảm),48 > 92 > 31 > 31 > 18,Đi lên (gần đây tăng),33 > 64 > 77 > 64 > 92,https://www.tiktok.com/view/product/1734618103182689852,'1734618103182689852,2026-10-05 11:56
"Nhà cửa đời sống, tiện ích",Khác,Vào ngay,Sách - Sách G** Đ** G***** D*** C** C** T**** C** G** T*** D** T*** C** N*** C** T*** & C** N*** C** G**,343,tăng,4900,4,58,,Đi lên (gần đây tăng),46 > 48 > 59 > 65 > 92,Đi ngang (gần đây giảm),22 > 8 > 12 > 22 > 8,https://www.tiktok.com/view/product/1734237436243641547,'1734237436243641547,2026-10-05 11:56
"Nhà cửa đời sống, tiện ích",Khác,Đang hot,Sách Luyện Viết 2*** C** H** T* C* B** Đ** N*** C** N** B****,9600,giảm,80600,10,670,10,Đi xuống,92 > 79 > 90 > 78 > 74,Lên rồi sụt (gần đây giảm),25 > 29 > 45 > 92 > 8,https://www.tiktok.com/view/product/1730559241605319245,'1730559241605319245,2026-10-05 11:56
"Nhà cửa đời sống, tiện ích",Khác,Né ra,Megabook - Sách C**** L**** v*** c** t* v*** t**** A** - t*** c***** t**** t**** a** L** 1****,2,giảm,47500,10,0,10,Đi xuống,92 > 14 > 8 > 8 > 8,Đi lên (gần đây giảm),22 > 13 > 30 > 92 > 80,https://www.tiktok.com/view/product/1730680864442256206,'1730680864442256206,2026-10-05 11:56
"Nhà cửa đời sống, tiện ích",Phần cứng,Vào ngay,(2-5 cái) Bản L* C** T* K**** K**** L* G*** C**** B** L* C** T* T**** M**** B** L* C** Ế**,3400,tăng,34300,3,231,6,Đi lên (gần đây giảm),42 > 54 > 71 > 92 > 71,Đi ngang,11 > 11 > 15 > 8 > 8,https://www.tiktok.com/view/product/1731588169762899244,'1731588169762899244,2026-10-05 11:56
"Nhà cửa đời sống, tiện ích",Phần cứng,Đang hot,JIA Keo bọt n* F*** 7**** A* k** v** s*** d*** c**** t*** c**** d** c*** â* c*** n**** c** x** d*** c*** n***** v* d** d***,40200,tăng,91300,56,3000,10,Đi lên (gần đây giảm),27 > 78 > 85 > 92 > 73,Đi lên (gần đây tăng),10 > 20 > 22 > 62 > 92,https://www.tiktok.com/view/product/1733947727572928414,'1733947727572928414,2026-10-05 11:56
"Nhà cửa đời sống, tiện ích",Phần cứng,Né ra,[HD] Đá cắt H* X*** k*** t**** 1*********** - T***** h*** H* A* t*** b** b** k** m** m**,212,giảm,14000,15,41,10,Đi xuống (gần đây giảm),92 > 53 > 53 > 51 > 20,Sụt rồi bật lên (gần đây tăng),53 > 28 > 63 > 22 > 92,https://www.tiktok.com/view/product/1729537501932128689,'1729537501932128689,2026-10-05 11:56
"Nhà cửa đời sống, tiện ích",Thiết bị gia dụng,Vào ngay,Kẹp mass DAQIN 3************* C**** H*** C*** L**** C**,1700,tăng,17800,42,97,1,Sụt rồi bật lên (gần đây giảm),50 > 74 > 24 > 92 > 83,Lên rồi sụt (gần đây giảm),11 > 11 > 12 > 36 > 8,https://www.tiktok.com/view/product/1730548927394646636,'1730548927394646636,2026-10-05 11:56
"Nhà cửa đời sống, tiện ích",Thiết bị gia dụng,Đang hot,Muối & Lá B*** (*** Đ*** - S*** S* & T*** M**,9300,tăng,29600,89,624,,Đi lên,8 > 8 > 43 > 92 > 91,Lên rồi sụt (gần đây giảm),8 > 9 > 53 > 92 > 67,https://www.tiktok.com/view/product/1736946160214246581,'1736946160214246581,2026-10-05 11:56
"Nhà cửa đời sống, tiện ích",Thiết bị gia dụng,Né ra,Chân Kê Cho M** G*** T* L*** D******** D********* Đ*** C**** D** R*** (***** c** C*** L*** I*** c** c**,37,giảm,28600,12,10,6,Đi xuống,92 > 66 > 11 > 8 > 8,Đi lên (gần đây tăng),20 > 17 > 70 > 8 > 92,https://www.tiktok.com/view/product/1729958499190803051,'1729958499190803051,2026-10-05 11:56
"Nhà cửa đời sống, tiện ích",Trang trí nội thất,Vào ngay,Đồng hồ treo t**** t**** t** d**** k** t*** k**** t**** đ*** 2*** Q***** t**** t** p**** n** p**** k**** p**** l** v*** s*** t**** h*** đ** c** c**,3400,tăng,68200,14,247,,Lên rồi sụt (gần đây giảm),10 > 17 > 10 > 92 > 11,Đi ngang (gần đây giảm),20 > 11 > 15 > 22 > 8,https://www.tiktok.com/view/product/1730984751797733673,'1730984751797733673,2026-10-05 11:55
"Nhà cửa đời sống, tiện ích",Trang trí nội thất,Đang hot,"Thẻ Tam Dương B* V* , D**** V** P*** T**** T** P**** T*** Đ*** H*",53500,tăng,60100,76,4000,35,Đi lên (gần đây giảm),8 > 13 > 52 > 92 > 71,Đi lên (gần đây tăng),8 > 10 > 18 > 82 > 92,https://www.tiktok.com/view/product/1735465704975009538,'1735465704975009538,2026-10-05 11:55
"Nhà cửa đời sống, tiện ích",Trang trí nội thất,Né ra,Móc treo trang t** - M** t*** c*** k*** [*** L* N** Đ* V** D**** t**** t** n** c*** m*** y** t***** đ** m** n**,1300,giảm,11300,12,114,11,Lên rồi sụt (gần đây giảm),8 > 92 > 22 > 22 > 14,Lên rồi sụt,30 > 92 > 41 > 19 > 20,https://www.tiktok.com/view/product/1736703733076559770,'1736703733076559770,2026-10-05 11:55
"Nhà cửa đời sống, tiện ích",Văn phòng phẩm & Vật tư,Vào ngay,Bút bi nước n**** m** m** g** b** b** 0**** D*** x*** x** v*** đ** t*** t** l** h** m** n**** k*** p** h** v** h** s**** s*** v**** n**** đ* l** E**** - 1 c**** / c****,12300,tăng,1200000,1,602,10,Đi xuống (gần đây giảm),85 > 19 > 36 > 92 > 8,Đi ngang,22 > 39 > 19 > 8 > 8,https://www.tiktok.com/view/product/1729433020313799295,'1729433020313799295,2026-10-05 11:55
"Nhà cửa đời sống, tiện ích",Văn phòng phẩm & Vật tư,Đang hot,Tặng kèm link q** m*** p*** đ*** g** v* v** c***** t**** v*** 2* g*** c**** s*** đ** t** k**** c** l* d* t**** 7 n**** k**** g** l*** ả**,108000,tăng,334700,34,4200,,Đi lên,8 > 92 > 78 > 73 > 69,Đi lên (gần đây tăng),28 > 75 > 85 > 36 > 92,https://www.tiktok.com/view/product/1736203554255242809,'1736203554255242809,2026-10-05 11:55
"Nhà cửa đời sống, tiện ích",Văn phòng phẩm & Vật tư,Né ra,[SIÊU RỘNG] TÚI Đ*** B** C************** B******* T*** T** B** Đ* N*** C**** B** B*** B** Đ*** V*** (**** L*** h** s*** T** Đ*** B** Đ* N*** d*** d*** c* h** t** M**,492,giảm,5500,17,50,,Lên rồi sụt,56 > 92 > 33 > 18 > 20,Lên rồi sụt (gần đây giảm),44 > 92 > 86 > 80 > 8,https://www.tiktok.com/view/product/1734684052252427926,'1734684052252427926,2026-10-05 11:55
"Nhà cửa đời sống, tiện ích",Vật dụng làm vườn,Vào ngay,[1kg] Đá nham t**** t* n**** (** P****** 0*** r** n** - t**** t** - l** n*** - t*** s*** n**** s*** c*** l** 1** – s** đ** t**** n*** n****,4800,tăng,34100,1,215,10,Lên rồi sụt (gần đây giảm),9 > 8 > 8 > 92 > 13,Đi ngang (gần đây giảm),17 > 17 > 8 > 22 > 8,https://www.tiktok.com/view/product/1732598401679918606,'1732598401679918606,2026-10-05 11:55
"Nhà cửa đời sống, tiện ích",Vật dụng làm vườn,Đang hot,Phân bón lá C**** B* M**** K** g** 1** s* d*** c** c** t**** g*** b* l* x*** d** t* k**** b*** t*** x*** g*** đ** đ* d*** d***** s*** t**** v* l****,18700,tăng,58100,34,980,,Lên rồi sụt (gần đây giảm),8 > 92 > 65 > 75 > 65,Đi lên (gần đây tăng),20 > 66 > 71 > 71 > 92,https://www.tiktok.com/view/product/1735658450775738063,'1735658450775738063,2026-10-05 11:55
"Nhà cửa đời sống, tiện ích",Vật dụng làm vườn,Né ra,"( Hàng loại 1 ) 1** T** b** t*** c** ổ* , c** , n* ,* b** v* t*** c*** l*** v** k**** d** c* d** r** n**** k*** t**** - t*********",581,giảm,22700,7,50,7,Đi xuống (gần đây giảm),92 > 64 > 48 > 28 > 12,Đi lên (gần đây tăng),24 > 24 > 26 > 15 > 92,https://www.tiktok.com/view/product/1732079924620920531,'1732079924620920531,2026-10-05 11:55
"Nhà cửa đời sống, tiện ích",Vật tư xây dựng,Vào ngay,Decal đen nhám d** k*** c*** s**** c**** n**** c**** c**** g*** d** t* b** c** t***** d** x* k** 1********,2600,tăng,6300,22,150,,Đi lên (gần đây tăng),12 > 36 > 63 > 71 > 92,Đi ngang (gần đây giảm),8 > 14 > 8 > 22 > 8,https://www.tiktok.com/view/product/1735772031768626245,'1735772031768626245,2026-10-05 11:56
"Nhà cửa đời sống, tiện ích",Vật tư xây dựng,Đang hot,[Tặng kèm chổi q**** K** c**** t*** n*** T**** s*** - A* T**** S***,48700,tăng,164000,47,1200,8,Lên rồi sụt (gần đây giảm),37 > 65 > 62 > 92 > 42,Đi lên (gần đây tăng),18 > 31 > 86 > 71 > 92,https://www.tiktok.com/view/product/1734678640571679764,'1734678640571679764,2026-10-05 11:56
"Nhà cửa đời sống, tiện ích",Vật tư xây dựng,Né ra,"KEO SỬA TƯỜNG, T*** T***** B** l* h* A** 2**** - T*** T*** V** N** K** H* T**** - C**** M** Ẩ* L** S*** T**** - H*** C**** H***",56,giảm,5600,50,3,8,Lên rồi sụt,8 > 92 > 12 > 8 > 8,Đi lên,20 > 22 > 55 > 92 > 92,https://www.tiktok.com/view/product/1733591349657568800,'1733591349657568800,2026-10-05 11:56
"Ô tô, xe máy, phương tiện cơ giới",Bộ phận thay thế cho ô tô,Vào ngay,Gạt Mưa Ô T* V****** 4 L*** T*** T** D* L** B** B* C** G** M** F**** V** V** V** V** V** V** V****,712,tăng,3500,7,84,10,Đi lên,43 > 56 > 79 > 92 > 85,Đi ngang,14 > 8 > 15 > 8 > 8,https://www.tiktok.com/view/product/1732229101636125696,'1732229101636125696,2026-10-05 12:00
"Ô tô, xe máy, phương tiện cơ giới",Bộ phận thay thế cho ô tô,Đang hot,Gạt Mưa Ô T* 4 L*** S****** W**** B**** C** C** C** G** X* H** S*** S*** G** 4 L** T*** K**** M** P** K*** L** X* g** m**,3000,tăng,44800,8,360,11,Đi ngang (gần đây giảm),71 > 65 > 71 > 92 > 68,Đi lên (gần đây tăng),28 > 30 > 55 > 36 > 92,https://www.tiktok.com/view/product/1730768152175413248,'1730768152175413248,2026-10-05 12:00
"Ô tô, xe máy, phương tiện cơ giới",Bộ phận thay thế cho ô tô,Đang giảm,Gạt Mưa Ô T* T*** X**** M** W**** B**** 4 L*** S****** C** C** C** G** N*** M** X* Ô T* S*** S*** Ê* N*** 1* Đ** 2* i***,4800,giảm,38600,4,590,10,Lên rồi sụt (gần đây giảm),35 > 8 > 92 > 42 > 15,Đi ngang (gần đây giảm),8 > 11 > 15 > 22 > 8,https://www.tiktok.com/view/product/1732099040297191514,'1732099040297191514,2026-10-05 12:00
"Ô tô, xe máy, phương tiện cơ giới",Dụng cụ sửa chữa ô tô,Vào ngay,Miễn Phí Vận C******* t** c*** t*** l** c** r*** d*** c* t*** b*** x* ô t* b*** t** 4 c* 1************* c* l* v** l**,534,tăng,2300,28,61,7,Đi lên (gần đây giảm),46 > 50 > 54 > 92 > 72,Đi ngang (gần đây giảm),8 > 14 > 12 > 22 > 8,https://www.tiktok.com/view/product/1731756475261682792,'1731756475261682792,2026-10-05 12:00
"Ô tô, xe máy, phương tiện cơ giới",Dụng cụ sửa chữa ô tô,Đang hot,Bọc Chân Chống Đ* D*** B** C** S* C*** C**** Đ* D*** Đ* B** C*** C**** S*** D*** Đ* C** S* B** C*** C****,9100,giảm,71200,10,117,10,Đi xuống,90 > 63 > 92 > 79 > 75,Lên rồi sụt (gần đây giảm),35 > 30 > 17 > 92 > 8,https://www.tiktok.com/view/product/1732079192534779350,'1732079192534779350,2026-10-05 12:00
"Ô tô, xe máy, phương tiện cơ giới",Dụng cụ sửa chữa ô tô,Né ra,SOARFLY【800A Nâng Cấp】Sạc b*** ắ* q** ô t* x* m** 1** 2** B* S** N**** Ắ* Q** C**** H*** c** Ô T** X* M** P** K*** B*** Ắ* Q** s** b***,304,giảm,38000,7,100,9,Đi xuống,92 > 28 > 15 > 8 > 8,Đi lên (gần đây tăng),17 > 24 > 30 > 22 > 92,https://www.tiktok.com/view/product/1731057809362553780,'1731057809362553780,2026-10-05 12:00
"Ô tô, xe máy, phương tiện cơ giới",Đèn xe,Vào ngay,Đèn máy bay p*** s*** b*** s** g*** đ** t**** t** n** t*** c** x* đ**** x* m*** x* đ** v* ô t*,3100,tăng,60900,0,84,,Đi ngang (gần đây giảm),69 > 58 > 63 > 92 > 70,Đi xuống (gần đây giảm),25 > 14 > 8 > 22 > 8,https://www.tiktok.com/view/product/1733919951214904925,'1733919951214904925,2026-10-05 12:00
"Ô tô, xe máy, phương tiện cơ giới",Đèn xe,Đang hot,Đèn LED Cảnh B** K** R*** H*** Đ** M** T*** C** D** H* T** D** X* T**** T** M** T**** N*** l**** m** t*** K*** d*** m** m** d* t***** C*** b** c** b*** R*** g**** c** c** l*** x* t** x* S** V***** V******* L******* P****,11600,tăng,19800,62,685,,Đi lên,8 > 26 > 50 > 92 > 87,Đi lên (gần đây tăng),8 > 15 > 25 > 56 > 92,https://www.tiktok.com/view/product/1736631055717729859,'1736631055717729859,2026-10-05 12:00
"Ô tô, xe máy, phương tiện cơ giới",Đèn xe,Đang giảm,【ProAuto】Bóng đèn led t*** ô t* x* h** 1** C** s*** s*** đ* s*** p** h** v** m** l*** x*,337,giảm,1500,0,15,,Lên rồi sụt (gần đây giảm),56 > 74 > 92 > 53 > 35,Đi ngang,8 > 11 > 8 > 8 > 8,https://www.tiktok.com/view/product/1733212366139786997,'1733212366139786997,2026-10-05 12:00
"Ô tô, xe máy, phương tiện cơ giới",Khác,Theo dõi,Tem KHIÊN dạ q**** d** m** x* m** t**** t** c** n**** d*** x*,281,giảm,407,74,9,,Lên rồi sụt,8 > 8 > 92 > 8 > 8,Lên rồi sụt (gần đây giảm),8 > 8 > 19 > 64 > 8,https://www.tiktok.com/view/product/1736360932834117365,'1736360932834117365,2026-10-05 12:00
"Ô tô, xe máy, phương tiện cơ giới",Khác,Theo dõi,Mũ bảo hiểm M******* c** x* s****** v* x* m*** k*** c*** g** g*** u****** d*** m** m*** m* b** h*** 4*** m* b** h*** a* t*** k** đ* x* đ**,285,giảm,374,83,98,,Lên rồi sụt,8 > 8 > 92 > 8 > 8,Đi ngang,8 > 11 > 15 > 8 > 8,https://www.tiktok.com/view/product/1736752655841199360,'1736752655841199360,2026-10-05 12:00
"Ô tô, xe máy, phương tiện cơ giới",Khác,Đang giảm,Xẻng Xúc Cát M** B*** I*** C* L*** T** C** B*** G* C*** C**** L* L** N*** D* D*** L** S*** V* V* S**** T*** K*** T*** G**** D*** C* V* S*** K*** C** C** M*** P** K*** T** C*** T**** Y*** C**** R* S*** B** L***,72,giảm,1800,0,5,8,Đi xuống,81 > 49 > 92 > 43 > 38,,,https://www.tiktok.com/view/product/1732582949628380258,'1732582949628380258,2026-10-05 12:00
"Ô tô, xe máy, phương tiện cơ giới",Linh kiện mô tô,Vào ngay,Bóng đèn LED O**** T** (** c** t*** k*** l**** m*** D***** F***** 1* W*** a**** đ** đ*** W*** 1*** (*** đ** 2 b***** W*** Z* (******* (*** x* d*** b*** 2 c*** t** A** B**** 1** T*** á** s*** s* b* c**** r* 2 b****,1200,tăng,8900,12,40,10,Lên rồi sụt (gần đây giảm),10 > 11 > 13 > 92 > 8,Đi lên (gần đây tăng),8 > 11 > 8 > 22 > 92,https://www.tiktok.com/view/product/1730396820786744263,'1730396820786744263,2026-10-05 11:59
"Ô tô, xe máy, phương tiện cơ giới",Linh kiện mô tô,Đang hot,DẦU THẮNG A***** B**** F**** D** 4 - D** T**** C** C** - 1****,10200,tăng,31100,26,436,8,Đi lên,33 > 73 > 92 > 87 > 83,Đi xuống (gần đây giảm),78 > 46 > 70 > 92 > 8,https://www.tiktok.com/view/product/1735704329239299645,'1735704329239299645,2026-10-05 11:59
"Ô tô, xe máy, phương tiện cơ giới",Linh kiện mô tô,Né ra,Xịt dầu chống r* p** s** b** t*** đ* n*** c** k** l*** O***** B*** (******,409,giảm,84100,23,35,10,Lên rồi sụt,56 > 92 > 15 > 8 > 8,Đi lên (gần đây tăng),30 > 37 > 42 > 50 > 92,https://www.tiktok.com/view/product/1729622112538364405,'1729622112538364405,2026-10-05 11:59
"Ô tô, xe máy, phương tiện cơ giới",Phụ kiện bên ngoài ô tô,Vào ngay,Miếng Dán Mút C** S* C**** R* N*** X** D** Á** C*** Y*** Đ** Đ*** C** V** D*** K***,1900,tăng,11500,6,38,,Đi lên (gần đây giảm),63 > 63 > 76 > 92 > 83,Đi ngang,14 > 11 > 12 > 8 > 8,https://www.tiktok.com/view/product/1733667709828367612,'1733667709828367612,2026-10-05 11:59
"Ô tô, xe máy, phương tiện cơ giới",Phụ kiện bên ngoài ô tô,Đang hot,"gương chiếu hậu,vuông m*** c*** 8*** 1*** g** c** n**** d*** x* V******* v***** G**** X M*** V***** K** V** V****** A****",13700,tăng,34200,38,596,6,Đi lên,40 > 63 > 92 > 89 > 85,Lên rồi sụt (gần đây giảm),25 > 22 > 47 > 92 > 38,https://www.tiktok.com/view/product/1730720564283018044,'1730720564283018044,2026-10-05 11:59
"Ô tô, xe máy, phương tiện cơ giới",Phụ kiện bên ngoài ô tô,Né ra,,59,giảm,5000,12,15,,Đi xuống,79 > 92 > 15 > 8 > 8,Đi xuống (gần đây giảm),36 > 28 > 38 > 50 > 8,https://www.tiktok.com/view/product/1735130025001321926,'1735130025001321926,2026-10-05 11:59
"Ô tô, xe máy, phương tiện cơ giới",Phụ kiện bên trong ô tô,Vào ngay,Bọc vô lăng ô t** d* N**** đ** l** s*** m**** t*** h** m* h*** k**** t*** t***** p** h** v** t** c* c** m*** B** v* l**** k*** k*** d* l** đ*** F***,1100,tăng,4000,38,171,,Đi lên (gần đây tăng),50 > 63 > 67 > 80 > 92,Đi ngang,8 > 17 > 15 > 8 > 8,https://www.tiktok.com/view/product/1732385928348796740,'1732385928348796740,2026-10-05 11:59
"Ô tô, xe máy, phương tiện cơ giới",Phụ kiện bên trong ô tô,Đang hot,Tinh dầu treo k***** t** h**** t***,57700,tăng,530200,11,2000,13,Đi ngang (gần đây giảm),74 > 68 > 83 > 92 > 79,Đi lên (gần đây tăng),35 > 30 > 31 > 70 > 92,https://www.tiktok.com/view/product/1730177124458924495,'1730177124458924495,2026-10-05 11:59
"Ô tô, xe máy, phương tiện cơ giới",Phụ kiện bên trong ô tô,Né ra,NƯỚC HOA Ô T* C** C** B*** S******* - G***** - K***** t** h**** b*** l** b*** t*** t*** d** t* n****,319,giảm,21700,35,160,,Lên rồi sụt,8 > 92 > 83 > 8 > 8,Lên rồi sụt (gần đây giảm),51 > 36 > 40 > 92 > 8,https://www.tiktok.com/view/product/1731987307789977809,'1731987307789977809,2026-10-05 11:59
"Ô tô, xe máy, phương tiện cơ giới",Phụ kiện xe máy,Vào ngay,Miếng lót silicon c** m* b** h***,10600,tăng,67700,25,307,8,Lên rồi sụt (gần đây giảm),19 > 14 > 8 > 92 > 8,Đi ngang (gần đây giảm),8 > 8 > 8 > 22 > 8,https://www.tiktok.com/view/product/1732698161822598944,'1732698161822598944,2026-10-05 11:59
"Ô tô, xe máy, phương tiện cơ giới",Phụ kiện xe máy,Đang hot,Lót mũ bảo h*** S****** M****** c**** n**** t**** t***** l** m** b** v* d* đ**,73000,tăng,1300000,7,1500,7,Đi lên,33 > 48 > 66 > 89 > 92,Đi lên (gần đây tăng),17 > 22 > 33 > 60 > 92,https://www.tiktok.com/view/product/1729936403215846196,'1729936403215846196,2026-10-05 11:59
"Ô tô, xe máy, phương tiện cơ giới",Phụ kiện xe máy,Né ra,Mũ Bảo Hiểm C**** H*** A*** A** M* B** H*** C*** F*** N** B** H*** C* H** B** H*** 1* T****,59,giảm,5200,40,15,8,Lên rồi sụt,44 > 92 > 15 > 8 > 8,Lên rồi sụt (gần đây giảm),21 > 35 > 63 > 92 > 8,https://www.tiktok.com/view/product/1732208241961568032,'1732208241961568032,2026-10-05 11:59
"Ô tô, xe máy, phương tiện cơ giới",Rửa & Bảo dưỡng ô tô,Vào ngay,Combo 2 Chai X** P** B*** N*** Ô T* & X* M** 2*** - P** C****** C** G**** C**** B** N**** L** S*** Đ* N**** B** v* S** X*,775,tăng,2000,25,62,20,Đi lên (gần đây giảm),8 > 58 > 65 > 92 > 80,Đi ngang,8 > 14 > 12 > 8 > 8,https://www.tiktok.com/view/product/1735091843127412535,'1735091843127412535,2026-10-05 11:59
"Ô tô, xe máy, phương tiện cơ giới",Rửa & Bảo dưỡng ô tô,Đang hot,Khăn Superfine Fiber 6***** - S*** T*** H** - K*** L** Đ* N*** C** C**,59200,tăng,779800,20,5200,10,Lên rồi sụt (gần đây giảm),37 > 15 > 13 > 92 > 8,Đi lên,19 > 25 > 58 > 92 > 88,https://www.tiktok.com/view/product/1729579169223379182,'1729579169223379182,2026-10-05 11:59
"Ô tô, xe máy, phương tiện cơ giới",Rửa & Bảo dưỡng ô tô,Né ra,Chai Xịt Vệ S*** Đ*** H*** D** L*** Ô T* D***** C*** L** 4**** A** C********** C****** K** V**** H**** D** C** T*** C**** H*** 1***,848,giảm,16000,12,68,10,Đi xuống (gần đây giảm),92 > 48 > 42 > 25 > 15,Đi xuống (gần đây giảm),92 > 63 > 80 > 60 > 47,https://www.tiktok.com/view/product/1731656781637388073,'1731656781637388073,2026-10-05 11:59
"Ô tô, xe máy, phương tiện cơ giới",Thiết bị điện tử trên ô tô,Vào ngay,Tẩu Sạc Nhanh M******* 1****** P* Q**** U** C 5 C*** C* Đ** L** C** X* H**,629,tăng,3700,100,34,,Đi lên (gần đây giảm),8 > 8 > 46 > 92 > 75,Đi lên (gần đây tăng),8 > 8 > 8 > 22 > 92,https://www.tiktok.com/view/product/1734582459097908256,'1734582459097908256,2026-10-05 12:00
"Ô tô, xe máy, phương tiện cơ giới",Thiết bị điện tử trên ô tô,Đang hot,Sạc ô tô s*** n**** 1**** 4 t**** 1* d** s** r** ẩ* t*** h** s*** t**** t**** v** đ*** t**** A**** v* A****** (*****,10000,giảm,156200,8,2200,11,Đi xuống,92 > 92 > 87 > 76 > 70,Đi lên (gần đây giảm),44 > 63 > 55 > 92 > 80,https://www.tiktok.com/view/product/1730573760786631492,'1730573760786631492,2026-10-05 12:00
"Ô tô, xe máy, phương tiện cơ giới",Thiết bị điện tử trên ô tô,Né ra,UGREEN Bộ sạc ô t** 1**** P**** U** N**** T*** C* S** đ*** t**** t*** ô t** T**** t**** v** i***** 1* 1* 1* v* 1* P** M**,121,,23300,21,40,7,Đi xuống,92 > 50 > 33 > 31 > 32,Đi lên (gần đây tăng),22 > 39 > 52 > 8 > 92,https://www.tiktok.com/view/product/1730090964198984285,'1730090964198984285,2026-10-05 12:00
Thể thao & Ngoài trời,Đồ thể thao & ngoài trời,Vào ngay,[ ĐỘC QUYỀN ] Á* k**** B***** t** t*** V*** N** 2 l** c**** g** c** b** t** p** h** v** 4 m** q**** n***** k**** g** t** t***,7700,tăng,39300,13,2000,,Đi lên (gần đây tăng),10 > 9 > 14 > 8 > 92,Đi ngang,8 > 8 > 12 > 8 > 8,https://www.tiktok.com/view/product/1733239351459219419,'1733239351459219419,2026-10-05 11:59
Thể thao & Ngoài trời,Đồ thể thao & ngoài trời,Đang hot,"Quần Thể Dục, T** T*** H** S*** T*** H*** T**** H*** S*** V*** N** N* 2 V**** 3 V*** T***** V**** C*** X*** D**** C*** T*** C*** M** T** T*** C**** N** T***** S**** T**** P***",29000,tăng,232900,14,2300,8,Lên rồi sụt (gần đây giảm),10 > 17 > 20 > 92 > 17,Đi lên (gần đây tăng),24 > 45 > 81 > 71 > 92,https://www.tiktok.com/view/product/1729966575333181514,'1729966575333181514,2026-10-05 11:59
Thể thao & Ngoài trời,Đồ thể thao & ngoài trời,Né ra,[UNIO-KĐHINH] In tên s* á* t*** y** c** - B* q*** á* b*** đ** đ* đ* b*** u*** S*** đ* đ* m** - C*** v** t*** l*** c** c**,648,giảm,16800,7,106,8,Đi xuống,92 > 34 > 16 > 12 > 11,Đi xuống (gần đây giảm),92 > 40 > 25 > 16 > 8,https://www.tiktok.com/view/product/1733529146431211137,'1733529146431211137,2026-10-05 11:59
Thể thao & Ngoài trời,Giày thể thao,Vào ngay,[NEW COLOR] Giày T** T*** N* W*** M**** Đ** E** g*** c**** S*** n** s*** ê** T**** m** v** đ**** P*** đ* v* t** l****,419,tăng,10800,3,232,,Lên rồi sụt (gần đây giảm),61 > 26 > 45 > 92 > 8,Đi ngang (gần đây giảm),17 > 20 > 8 > 22 > 8,https://www.tiktok.com/view/product/1735671165408609482,'1735671165408609482,2026-10-05 11:59
Thể thao & Ngoài trời,Giày thể thao,Đang hot,【ONKE】- FAYMAR | G*** c*** b* t***** k** Đ** | C*** l*** l*** t***** k** | K**** m** | C**** t**** | N** n**** | B** b* | P** h** c** c* n** v* n** ứ** d*** c** | C** l*** | B*** c***** | T** g** | Đ* b* đ**** d** | D* l*** | P**** c*** đ** x**,6700,giảm,72300,8,5900,,Đi xuống (gần đây giảm),79 > 81 > 92 > 79 > 54,Đi xuống (gần đây giảm),80 > 45 > 92 > 88 > 8,https://www.tiktok.com/view/product/1733147729081763827,'1733147729081763827,2026-10-05 11:59
Thể thao & Ngoài trời,Giày thể thao,Né ra,Giày Cầu Lông A**** A** – Ê** B** S*** Đ** H**** N**** K**** L** C* C***,400,giảm,5300,12,310,8,Đi xuống (gần đây giảm),92 > 66 > 45 > 39 > 19,Đi lên (gần đây tăng),17 > 20 > 41 > 36 > 92,https://www.tiktok.com/view/product/1730918135818849112,'1730918135818849112,2026-10-05 11:59
Thể thao & Ngoài trời,Khác,Vào ngay,Cần Câu Đồ C*** C** M** – Đ* C*** T**** T** K*** T**** S** M*** G*** M** V** Đ**** G*** S*****,373,tăng,1300,10,6,,Đi lên (gần đây giảm),24 > 41 > 45 > 92 > 77,Đi ngang (gần đây giảm),8 > 11 > 12 > 22 > 8,https://www.tiktok.com/view/product/1734024070966379858,'1734024070966379858,2026-10-05 11:59
Thể thao & Ngoài trời,Khác,Theo dõi,"Máy bơm oxy, C* T** S** L*** đ* c** c* n**** t*** v* b* c** M** b** k**** k** C** T** i* l**** v** 2 đ** k**** k*** P** k*** b* c* v* b* c*",2900,giảm,23700,18,483,6,Đi xuống (gần đây giảm),92 > 85 > 89 > 73 > 22,Đi xuống (gần đây giảm),45 > 42 > 63 > 50 > 8,https://www.tiktok.com/view/product/1732257135456191490,'1732257135456191490,2026-10-05 11:59
Thể thao & Ngoài trời,Khác,Đang giảm,Lịch Thi Đấu W**** C** 2*** - 6 M** Đ* D*** c** i* t* d* đ** (**** T**** 8****** V* K*** T**** 2****** c** - A******,11800,giảm,66200,0,783,,Lên rồi sụt,8 > 8 > 92 > 8 > 8,,,https://www.tiktok.com/view/product/1734952221727753374,'1734952221727753374,2026-10-05 11:59
Thể thao & Ngoài trời,Phụ kiện thể thao & ngoài trời,Vào ngay,"Tất chạy bộ, t** m******** h** t** s** v* v** t***** k*** p** h** c** h*** n**** s* d*** t**** t***",3800,tăng,28300,3,333,,Đi xuống,92 > 68 > 53 > 66 > 68,Đi ngang (gần đây giảm),17 > 14 > 8 > 22 > 8,https://www.tiktok.com/view/product/1734504481327253175,'1734504481327253175,2026-10-05 11:59
Thể thao & Ngoài trời,Phụ kiện thể thao & ngoài trời,Đang hot,Khẩu trang chống n*** v** k** n*** c**** t** U** p** h** c** c** h*** đ*** n**** t*** n** c** c** đ** x* v* n**** h** n*** T**** k* m** t*** b** v* c** k*** c** p** t*** d**** p** h** c** c* n** v* n**,12900,tăng,145900,12,661,10,Đi ngang (gần đây tăng),88 > 92 > 72 > 65 > 90,Lên rồi sụt (gần đây giảm),38 > 53 > 33 > 92 > 64,https://www.tiktok.com/view/product/1732949755885619033,'1732949755885619033,2026-10-05 11:59
Thể thao & Ngoài trời,Phụ kiện thể thao & ngoài trời,Né ra,Balo Pickleball BOMBA X D**** c**** n**** c* n*** g*** r***** n**** n*** t*** d**********,246,giảm,2200,11,126,10,Đi xuống (gần đây giảm),75 > 92 > 75 > 58 > 23,Đi xuống (gần đây giảm),55 > 55 > 70 > 22 > 8,https://www.tiktok.com/view/product/1733919284204046243,'1733919284204046243,2026-10-05 11:59
Thể thao & Ngoài trời,Thiết bị các môn thể thao bóng,Vào ngay,[Chính Hãng] Tẩy V* S*** M** V** P********* C*** L*** C**** U***** B** V* M** C****** S*** B* M** V** N**** C****,410,tăng,3600,3,43,,Đi xuống (gần đây giảm),92 > 62 > 59 > 80 > 40,Đi ngang (gần đây giảm),17 > 14 > 12 > 22 > 8,https://www.tiktok.com/view/product/1733911260529329890,'1733911260529329890,2026-10-05 11:59
Thể thao & Ngoài trời,Thiết bị các môn thể thao bóng,Đang hot,Combo 20 quấn c** v** c** l**** v** p********* m** m** b** t*** t*** h** m* h*** d** d*** c** c*************,4100,giảm,125800,7,499,10,Đi xuống (gần đây giảm),76 > 78 > 92 > 80 > 48,Đi lên,30 > 22 > 35 > 92 > 92,https://www.tiktok.com/view/product/1732254499594144675,'1732254499594144675,2026-10-05 11:59
Thể thao & Ngoài trời,Thiết bị các môn thể thao bóng,Né ra,Vợt Pickleball DO-AN B**** X* L** f*** f**** v*** c***** b**** â* t**** s*** t** m** c***** é* n*** 2 l** s*** ổ* đ**********,415,giảm,3500,17,769,10,Đi xuống (gần đây giảm),82 > 92 > 75 > 69 > 41,Đi lên (gần đây tăng),11 > 15 > 18 > 20 > 92,https://www.tiktok.com/view/product/1734528750715766691,'1734528750715766691,2026-10-05 11:59
Thể thao & Ngoài trời,Thiết bị cắm trại & đi bộ đường dài,Vào ngay,"Đèn LED, Đèn P** Đ** Đ****** P** S*** S*** - Đ** C** T** C** B*** T** P**** T*** C* F***** 6 m** Á** S**** T***** V**** X**** T*** Đ*** 9 c** đ* s**** S** T*** C* K**** N*** C* B** Y*****",875,tăng,3200,8,180,,Đi lên (gần đây giảm),47 > 63 > 77 > 92 > 84,Đi ngang,22 > 11 > 15 > 8 > 8,https://www.tiktok.com/view/product/1733198461342811584,'1733198461342811584,2026-10-05 11:59
Thể thao & Ngoài trời,Thiết bị cắm trại & đi bộ đường dài,Đang hot,Đèn Pin Đội Đ** S*** S*** - Đ** L** C** T** 3 C** Đ* S**** Á** S*** T***** S** P*** P** L******* C***** D*** C** C** C* B** Đ*** Đ* R**** D*** N**** T*** Y*****,15600,giảm,91800,33,780,10,Đi xuống (gần đây tăng),92 > 66 > 66 > 57 > 66,Đi lên (gần đây giảm),45 > 35 > 57 > 92 > 75,https://www.tiktok.com/view/product/1733393444285941184,'1733393444285941184,2026-10-05 11:59
Thể thao & Ngoài trời,Thiết bị cắm trại & đi bộ đường dài,Né ra,Xua Đuổi Thú D* A** – H** c** đ*** v** t*** c** b*** m** t*** d** t**** n****,9,giảm,10900,14,1,,Đi xuống,92 > 49 > 9 > 8 > 8,Đi xuống (gần đây giảm),67 > 33 > 45 > 50 > 8,https://www.tiktok.com/view/product/1735218429651945129,'1735218429651945129,2026-10-05 11:59
Thể thao & Ngoài trời,Thiết bị giải trí ngoài trời & thư giãn,Vào ngay,Đèn xe đạp g** v** x* đ*** x* m** ( b* 2 c** ) D**,5100,tăng,86800,1,210,10,Lên rồi sụt (gần đây giảm),33 > 33 > 47 > 92 > 20,Đi ngang (gần đây giảm),14 > 20 > 8 > 22 > 8,https://www.tiktok.com/view/product/1729750883143485896,'1729750883143485896,2026-10-05 11:59
Thể thao & Ngoài trời,Thiết bị giải trí ngoài trời & thư giãn,Đang hot,Cần câu đài V* T** h* 3 R*** F****** C***** 3** 3** & 4** N*** c** p**** b** m** 2***,14200,tăng,81400,9,9,8,Lên rồi sụt (gần đây giảm),8 > 8 > 8 > 92 > 8,Đi lên (gần đây tăng),47 > 80 > 70 > 64 > 92,https://www.tiktok.com/view/product/1731578071764599861,'1731578071764599861,2026-10-05 11:59
Thể thao & Ngoài trời,Thiết bị giải trí ngoài trời & thư giãn,Né ra,Cần WuTu Fishing - A* C** G** S** T*** T**** C** C** C* N*** Đ* C*** T**** Đ**** S** S*** D**,118,,3500,16,19,11,Lên rồi sụt (gần đây giảm),56 > 90 > 88 > 92 > 48,Lên rồi sụt (gần đây giảm),20 > 17 > 45 > 64 > 8,https://www.tiktok.com/view/product/1733416499845694987,'1733416499845694987,2026-10-05 11:59
Thể thao & Ngoài trời,Thiết bị tập thể hình,Vào ngay,CT (68CM XÁM)GYM B** d** n*** S*** A****** đ* n*** c** c**,323,tăng,2000,12,103,5,Đi ngang (gần đây giảm),80 > 63 > 64 > 92 > 78,Đi ngang,17 > 11 > 15 > 8 > 8,https://www.tiktok.com/view/product/1729762015897815349,'1729762015897815349,2026-10-05 11:59
Thể thao & Ngoài trời,Thiết bị tập thể hình,Đang hot,Dây Tập Thể D*** D** K**** L*** D** K** Đ** H** K**** L** 4 Ố*** 6 Ố** C** S* T** T** N** - K******,41400,tăng,785200,1,2500,12,Lên rồi sụt (gần đây giảm),15 > 8 > 8 > 92 > 15,Đi xuống (gần đây giảm),58 > 50 > 45 > 50 > 8,https://www.tiktok.com/view/product/1730170035870862278,'1730170035870862278,2026-10-05 11:59
Thể thao & Ngoài trời,Thiết bị tập thể hình,Né ra,LinkTown Sport Vòng L** L* X* C** C** D***** K*** T**** L*** H*** B** V** M** M** T***** K** v*** l** e* t** b***,534,giảm,2200,37,107,,Lên rồi sụt,8 > 92 > 65 > 24 > 19,Đi lên (gần đây tăng),13 > 37 > 54 > 27 > 92,https://www.tiktok.com/view/product/1735945566895048271,'1735945566895048271,2026-10-05 11:59
Thể thao & Ngoài trời,Thiết bị thể thao dưới nước,Vào ngay,Túi đựnġ điện t**** c**** n*** đ* m*** đ* b*** d*** c** m** l** t*** - P*******,658,tăng,2400,12,11,,Lên rồi sụt (gần đây giảm),18 > 52 > 51 > 92 > 36,Đi ngang,8 > 8 > 15 > 8 > 8,https://www.tiktok.com/view/product/1734741715810158388,'1734741715810158388,2026-10-05 11:59
Thể thao & Ngoài trời,Thiết bị thể thao dưới nước,Đang hot,"Sữa tắm, gội k** c** s** b*** 2 t**** 1* m** h**** d* c*** - n**** m** h****",1300,giảm,5300,14,206,10,Đi lên,43 > 79 > 92 > 73 > 71,Đi ngang,8 > 11 > 12 > 8 > 8,https://www.tiktok.com/view/product/1735129112979015276,'1735129112979015276,2026-10-05 11:59
Thể thao & Ngoài trời,Thiết bị thể thao dưới nước,Đang giảm,Phao Tay Tập B** C** B* V* N**** L** T**** K* R******* C*** T*** T**** M**** P*** Đ** T** T** B** C**** L** A* T*** N**** M** S*** P** K*** B** L** C** C** Đ* Đ** H** T** P** H** M** L** T*** H* 2***,,giảm,26200,14,,,Đi xuống,92 > 8 > 8 > 8 > 8,Đi ngang,11 > 20 > 23 > 8 > 8,https://www.tiktok.com/view/product/1734080953450727008,'1734080953450727008,2026-10-05 11:59
Thời trang nữ,Áo nữ,Vào ngay,ÁO THUN CỔ P*** M** F*** B****** T*** N*** Đ*** G********,22900,tăng,812300,1,2100,11,Đi lên (gần đây tăng),8 > 8 > 31 > 67 > 92,Đi ngang,11 > 25 > 15 > 8 > 8,https://www.tiktok.com/view/product/1731823144989199148,'1731823144989199148,2026-10-05 11:52
Thời trang nữ,Áo nữ,Đang hot,[VẢI COTTON MỊN] [**** á* d** n**** h**** Á* t*** c* t**** n*** t*** c* t*** e* #****** b** Q*** H**,91700,tăng,279400,41,8700,8,Đi lên,60 > 91 > 92 > 86 > 84,Đi lên (gần đây tăng),16 > 27 > 35 > 70 > 92,https://www.tiktok.com/view/product/1731778270098786059,'1731778270098786059,2026-10-05 11:52
Thời trang nữ,Áo nữ,Né ra,Áo nữ ViViApparel v** t**** k* ô* d*** v* đ**** c* b** đ** x**** m** m** đ* đ* n*** c** v*** s* d*** h*** n**** k** h** r** v* l*** m** c*** k*** l** đ* t** v* n**** t**** l*** v* q**** r********,2700,giảm,30400,15,406,10,Đi xuống,92 > 44 > 22 > 15 > 13,Đi xuống (gần đây giảm),78 > 92 > 46 > 25 > 13,https://www.tiktok.com/view/product/1736349486172374934,'1736349486172374934,2026-10-05 11:52
Thời trang nữ,Bộ vét và quần yếm nữ,Vào ngay,Set đồ đôi n** n* (* M*** 8* c***** á* ố** n* k** n* v* á* s*** n** s** t** n*** p**** c*** t*** t**** h*** đ** á* c** đ** n** n* (* - 8**,2900,tăng,11800,11,4,,Lên rồi sụt (gần đây giảm),8 > 8 > 8 > 92 > 8,Đi ngang (gần đây giảm),17 > 25 > 12 > 36 > 8,https://www.tiktok.com/view/product/1733649614967375646,'1733649614967375646,2026-10-05 11:51
Thời trang nữ,Bộ vét và quần yếm nữ,Đang hot,,16600,giảm,218600,11,2100,10,Đi xuống (gần đây giảm),92 > 67 > 73 > 60 > 47,Đi lên (gần đây tăng),46 > 38 > 37 > 76 > 92,https://www.tiktok.com/view/product/1732890568667858669,'1732890568667858669,2026-10-05 11:51
Thời trang nữ,Bộ vét và quần yếm nữ,Né ra,Phương Đồ Bộ - B*** S** B* P*** R** Á* C*** B* S** N*** B****** N* 4******,749,giảm,8100,30,141,,Lên rồi sụt,18 > 92 > 25 > 20 > 23,Sụt rồi bật lên (gần đây tăng),80 > 68 > 92 > 49 > 78,https://www.tiktok.com/view/product/1735901975455303039,'1735901975455303039,2026-10-05 11:51
Thời trang nữ,Đồ lót nữ,Vào ngay,VISECRETBRA Áo Lót P***** B** N* C*** S* P*** V*** R** M** Đ** D** Đ** N*** Q** T** K** - D** V** B*** L*** N** -* A*********,9100,tăng,27200,5,235,,Đi lên (gần đây tăng),9 > 9 > 14 > 13 > 92,Đi ngang (gần đây giảm),8 > 14 > 12 > 22 > 8,https://www.tiktok.com/view/product/1735675503063893326,'1735675503063893326,2026-10-05 11:51
Thời trang nữ,Đồ lót nữ,Đang hot,Áo Lót Áo B** S* Đ** N***** K*** C** T* C** T**** M** 3** G** Q** K**** D** B*** L*** T* K**** G*** K**** Đ**** M** H** C** L* V*** L* M* L*** N* W****,34900,tăng,139500,33,2600,,Lên rồi sụt,56 > 92 > 67 > 63 > 65,Đi lên (gần đây tăng),14 > 28 > 30 > 55 > 92,https://www.tiktok.com/view/product/1735322012973172720,'1735322012973172720,2026-10-05 11:51
Thời trang nữ,Đồ lót nữ,Né ra,Áo ngực liền t*** k**** g*** c*** b* E**** d*** c** n** n*** đ* n** v* g** n**** p** h** v** v*** n*** n*** g*** á* q*** í* l* d** c* t** m** t**** h*** n***** d* p*** đ** d*** ô* s** t**** m** c** m** h**,988,giảm,3200,27,304,,Lên rồi sụt (gần đây giảm),8 > 92 > 85 > 54 > 38,Lên rồi sụt (gần đây tăng),25 > 92 > 73 > 38 > 48,https://www.tiktok.com/view/product/1735662042415662424,'1735662042415662424,2026-10-05 11:51
Thời trang nữ,Đồ ngủ nữ,Vào ngay,TOLEXINH 05 - Đ* B* N* M** N** V** T*** L*** 1* B* T*** T** N*** Q*** L**** M** M** T***** K*** F*** V** 4****** | Đ* T*** X***,2700,tăng,38900,11,28,,Lên rồi sụt (gần đây giảm),8 > 60 > 9 > 92 > 9,Đi ngang,14 > 28 > 23 > 8 > 8,https://www.tiktok.com/view/product/1736592392256325472,'1736592392256325472,2026-10-05 11:51
Thời trang nữ,Đồ ngủ nữ,Đang hot,(Thanhtam A5 ) S** Đ* N** L** 2 D** X** L* T**** N***,23500,giảm,117000,19,2200,,Đi ngang (gần đây tăng),92 > 72 > 89 > 74 > 86,Lên rồi sụt (gần đây giảm),54 > 61 > 60 > 92 > 35,https://www.tiktok.com/view/product/1735407369931162757,'1735407369931162757,2026-10-05 11:51
Thời trang nữ,Đồ ngủ nữ,Né ra,MB-SET-021 Set đồ n** n*** t** t*** d*** r*** M***** H********,840,giảm,157900,6,106,,Lên rồi sụt,65 > 92 > 15 > 8 > 8,Đi xuống (gần đây tăng),92 > 53 > 42 > 25 > 42,https://www.tiktok.com/view/product/1734485922942649438,'1734485922942649438,2026-10-05 11:51
Thời trang nữ,Đồ trung niên nữ,Vào ngay,ÁO KIỂU MÀU T*** T**** N*** C* S*** 5******,495,tăng,35700,3,64,10,Đi xuống (gần đây giảm),85 > 26 > 30 > 92 > 23,Đi ngang (gần đây giảm),14 > 11 > 19 > 22 > 8,https://www.tiktok.com/view/product/1730927245862930814,'1730927245862930814,2026-10-05 11:52
Thời trang nữ,Đồ trung niên nữ,Đang hot,Top ️ Bộ Q*** Á* T**** N*** N* Q**** C*** V** L** H** M** M*** K**** n********* X*,8300,tăng,81800,2,4,9,Lên rồi sụt (gần đây giảm),8 > 8 > 8 > 92 > 9,Lên rồi sụt (gần đây giảm),8 > 22 > 26 > 36 > 8,https://www.tiktok.com/view/product/1731380700105051083,'1731380700105051083,2026-10-05 11:52
Thời trang nữ,Đồ trung niên nữ,Đang giảm,,,giảm,346,22,,8,Đi xuống,92 > 8 > 8 > 8 > 8,Đi ngang,17 > 25 > 30 > 8 > 8,https://www.tiktok.com/view/product/1730428890082150589,'1730428890082150589,2026-10-05 11:52
Thời trang nữ,Đồng hồ & Phụ kiện,Vào ngay,[Vỉ 1 viên c** c*** P** c**** h*** M***** C***** C***** C***** C***** C***** L****** 3* - M*** I* J****,958,tăng,4300,18,53,4,Đi lên,38 > 47 > 75 > 89 > 92,Đi ngang,11 > 11 > 23 > 8 > 8,https://www.tiktok.com/view/product/1732734450674926667,'1732734450674926667,2026-10-05 11:52
Thời trang nữ,Đồng hồ & Phụ kiện,Đang hot,Đồng hồ nam V***** P***** đ*** h* t**** a** á** s*** x**** đ*** h* n** p**** c*** c*** s* t***** n****,6800,giảm,34700,22,706,,Đi xuống (gần đây giảm),86 > 92 > 69 > 73 > 64,Đi lên (gần đây tăng),58 > 51 > 49 > 72 > 92,https://www.tiktok.com/view/product/1735171661348636246,'1735171661348636246,2026-10-05 11:52
Thời trang nữ,Đồng hồ & Phụ kiện,Né ra,[AFF] Đồng hồ n* t**** k* s*** t***** d** k** l*** c** c** c**** n*** 3***,1300,giảm,8800,42,272,,Đi lên (gần đây tăng),30 > 92 > 80 > 64 > 84,Đi lên (gần đây tăng),15 > 20 > 41 > 50 > 92,https://www.tiktok.com/view/product/1735093421051643619,'1735093421051643619,2026-10-05 11:52
Thời trang nữ,Giày nữ,Vào ngay,(Tiêu Tiêu ) D** N** N* Q*** k*** n** v** n**** T*** m* D*****,8800,tăng,273200,6,1200,,Sụt rồi bật lên (gần đây giảm),92 > 8 > 55 > 76 > 47,Đi ngang,8 > 20 > 15 > 8 > 8,https://www.tiktok.com/view/product/1734546168764008216,'1734546168764008216,2026-10-05 11:51
Thời trang nữ,Giày nữ,Đang hot,TIPONO LC16 [Tặng C**** N*** N***** D** S** S** R**** U***** E** Ê* N*** C**** T**** Đ* H** Đ* C***,32700,tăng,358600,7,2800,13,Đi lên (gần đây tăng),49 > 50 > 64 > 71 > 92,Đi lên (gần đây tăng),27 > 26 > 34 > 84 > 92,https://www.tiktok.com/view/product/1731407455739743216,'1731407455739743216,2026-10-05 11:51
Thời trang nữ,Giày nữ,Né ra,[Giảm bớt 1 s**** G*** D* L** C* L** D******* R** H** D** B*** G*** C** C* M** M** T*** C**** C** Đ* D** H******* 2***,760,giảm,7000,34,226,,Đi xuống,92 > 72 > 54 > 31 > 26,Lên rồi sụt (gần đây giảm),35 > 50 > 92 > 64 > 56,https://www.tiktok.com/view/product/1734063035345897243,'1734063035345897243,2026-10-05 11:51
Thời trang nữ,Khác,Vào ngay,Túi đựng bình g** n**** N****** c*** v** d** d** c* q*** x*** đ*** l* c*** b*** n*** c** c** B** S***** B***** P**** T**,6200,tăng,95800,3,449,10,Lên rồi sụt (gần đây giảm),22 > 8 > 9 > 92 > 36,Đi ngang (gần đây giảm),17 > 30 > 19 > 22 > 8,https://www.tiktok.com/view/product/1732190625119046514,'1732190625119046514,2026-10-05 11:52
Thời trang nữ,Khác,Đang hot,"A3 Aimesaigon Áo T*** B** B*** L**** B**** F*** R*** T** N*** C***** 2***** "" F*** "" N** N* M******* K** U***** H** T**** M** H*",8800,tăng,152400,6,1500,,Sụt rồi bật lên (gần đây tăng),75 > 22 > 31 > 70 > 92,Đi xuống (gần đây giảm),92 > 75 > 46 > 71 > 8,https://www.tiktok.com/view/product/1734752165534729525,'1734752165534729525,2026-10-05 11:52
Thời trang nữ,Khác,Đang giảm,(Deal trong LIVE) G*** B** B* N* H***** S**** L**** C*** B* Đ* B** P*** Q*** C** K*** K** L*** T*** T** V****** M**,,giảm,80,100,,,Đi ngang,11 > 8 > 8 > 8 > 8,Lên rồi sụt (gần đây giảm),8 > 8 > 26 > 50 > 8,https://www.tiktok.com/view/product/1735860376739742895,'1735860376739742895,2026-10-05 11:52
Thời trang nữ,Kính mắt,Vào ngay,Hộp 100 Tờ K*** L** K*** N*** J******* C**** B** H** N**** G*** L** K*** M*** K*** L** K*** C** C**** S**** M*,12700,tăng,431200,10,744,,Lên rồi sụt (gần đây giảm),22 > 13 > 8 > 92 > 9,Đi ngang (gần đây giảm),20 > 17 > 19 > 22 > 8,https://www.tiktok.com/view/product/1735774443293410770,'1735774443293410770,2026-10-05 11:51
Thời trang nữ,Kính mắt,Đang hot,Mắt kính cận t** k*** c** c* đ* s** - 0*** ~ - 6*** đ* K*** C** G*** T**** S*** C**** Á** S*** X*** P**** C*** H** Q*** T*** T**** k*** 8***,22400,tăng,290400,14,1200,7,Đi ngang (gần đây giảm),67 > 78 > 92 > 89 > 81,Đi lên,27 > 32 > 59 > 86 > 92,https://www.tiktok.com/view/product/1730309950458988935,'1730309950458988935,2026-10-05 11:51
Thời trang nữ,Kính mắt,Né ra,Kính râm gọng v**** p**** c*** r**** M* v* c*** Â** k*** r** c**** t** U* c** c** d*** c** n**,748,giảm,3800,31,93,,Lên rồi sụt (gần đây giảm),8 > 92 > 51 > 26 > 14,Lên rồi sụt (gần đây giảm),8 > 80 > 92 > 58 > 8,https://www.tiktok.com/view/product/1736565537422148749,'1736565537422148749,2026-10-05 11:51
Thời trang nữ,Nối tóc & tóc giả,Vào ngay,Tóc Giả Tết D** (*** 1 b*** T*** B*** K*** Đ*** N*** 7*** 6*** G******** N* W**,825,tăng,55700,6,52,10,Lên rồi sụt (gần đây giảm),35 > 17 > 15 > 92 > 16,Đi ngang (gần đây giảm),8 > 11 > 15 > 22 > 8,https://www.tiktok.com/view/product/1729669865804565386,'1729669865804565386,2026-10-05 11:52
Thời trang nữ,Nối tóc & tóc giả,Đang hot,Tóc nối mái k*** n** n** k**** k** c** n** p**** c*** t* n**** h*** n**** n** n***** m** m** v* d* đ*** p** k*** t** t*** t**** đ* t** k*** m** h*** n****,9500,tăng,27600,43,205,,Đi lên (gần đây giảm),35 > 35 > 52 > 92 > 83,Đi lên (gần đây giảm),15 > 13 > 25 > 92 > 80,https://www.tiktok.com/view/product/1735031139358049988,'1735031139358049988,2026-10-05 11:52
Thời trang nữ,Nối tóc & tóc giả,Đang giảm,Búi Tóc TRÒN c* t*** B** T** g** p**** c*** H** Q**** B** T** G** X*** B*** S** T*** H** C* G*** D*** C** N* - g******** c** N* W** W****,3600,giảm,16200,1,162,15,Lên rồi sụt,11 > 8 > 92 > 8 > 8,Đi ngang,14 > 17 > 12 > 8 > 8,https://www.tiktok.com/view/product/1729734417800924042,'1729734417800924042,2026-10-05 11:52
Thời trang nữ,Phụ kiện cài đầu,Vào ngay,Kẹp Tóc Càng C** N*** S*** L** 1*** D*** C** T** D**,8500,tăng,106900,21,207,10,Lên rồi sụt (gần đây giảm),37 > 10 > 24 > 92 > 10,Đi ngang (gần đây giảm),14 > 11 > 12 > 36 > 8,https://www.tiktok.com/view/product/1730058543263091175,'1730058543263091175,2026-10-05 11:52
Thời trang nữ,Phụ kiện cài đầu,Đang hot,Chun Buộc Lò X* V** H* T** P**** T** - N**** M**,38800,tăng,141500,20,839,,Đi lên (gần đây giảm),57 > 92 > 83 > 82 > 72,Đi lên (gần đây tăng),20 > 36 > 29 > 68 > 92,https://www.tiktok.com/view/product/1735196446314497781,'1735196446314497781,2026-10-05 11:52
Thời trang nữ,Phụ kiện cài đầu,Né ra,Hộp Quà Tặng G******* P****** P*** C***** S*** T***** Đ*** L** L**** T**** L**** P**** C*** L**** K** T** U**** N****,754,giảm,13000,20,127,7,Lên rồi sụt,42 > 92 > 54 > 45 > 38,Đi lên (gần đây tăng),35 > 69 > 92 > 45 > 72,https://www.tiktok.com/view/product/1732549768475280493,'1732549768475280493,2026-10-05 11:52
Thời trang nữ,Phụ kiện quần áo,Vào ngay,"Giá Sỉ [150 c**** t*** 2* c**** ] k*** t**** 6* J********** k**** k**** m** h** n*** 2*** , n**** m** đ** l* s*** x***",10300,tăng,51000,0,171,15,Lên rồi sụt (gần đây giảm),16 > 8 > 8 > 92 > 8,Đi ngang,11 > 11 > 12 > 8 > 8,https://www.tiktok.com/view/product/1729737191037372421,'1729737191037372421,2026-10-05 11:51
Thời trang nữ,Phụ kiện quần áo,Đang hot,Dây thắt lưng t*** l** c** q*** j*** n** e* c* g**** d*** c* h** í*** d** t*** l*** v* h**** đ*** c**** v*** e** t** g** ố** q*** n*** d*** c* h** í**,48300,giảm,408600,15,2700,19,Lên rồi sụt (gần đây giảm),42 > 75 > 92 > 81 > 42,Lên rồi sụt (gần đây giảm),18 > 28 > 48 > 92 > 42,https://www.tiktok.com/view/product/1731834318565770405,'1731834318565770405,2026-10-05 11:51
Thời trang nữ,Phụ kiện quần áo,Né ra,[Kèm Quà Tặng] M* L*** T*** C****** W*** S*** - N** L*** T*** M** F*** C** C** T****** 5 M** T***** K** P*** L***,366,giảm,1400,30,90,,Lên rồi sụt (gần đây giảm),8 > 84 > 92 > 61 > 39,Lên rồi sụt (gần đây giảm),30 > 42 > 70 > 92 > 8,https://www.tiktok.com/view/product/1735806667880040036,'1735806667880040036,2026-10-05 11:51
Thời trang nữ,Phục sức & phụ kiện,Vào ngay,Bộ Tai CZ T* T**** C********** B*** T** X** C**** T** L** L*** K**** C** X* L** K**** Đ** B**** T**** V** G***,8300,tăng,34600,13,113,12,Đi lên (gần đây tăng),45 > 43 > 48 > 75 > 92,Đi ngang,11 > 11 > 12 > 8 > 8,https://www.tiktok.com/view/product/1732907438719207108,'1732907438719207108,2026-10-05 11:51
Thời trang nữ,Phục sức & phụ kiện,Đang hot,Set 10v Đá Đ*** R*** k** K** v* B** đ**** đ* c*** b****,21400,giảm,169400,17,476,,Đi xuống (gần đây giảm),92 > 85 > 79 > 65 > 55,Đi lên,36 > 33 > 45 > 88 > 92,https://www.tiktok.com/view/product/1733680268986844988,'1733680268986844988,2026-10-05 11:51
Thời trang nữ,Phục sức & phụ kiện,Né ra,Vòng cổ thép t**** p**** c*** h****** V*** c* 2* c** c** v*** c* c** đ** t*** t**** v* đ* n*** Q** t*** q** t***,793,giảm,7000,11,46,,Đi xuống,92 > 61 > 41 > 34 > 30,Lên rồi sụt (gần đây giảm),52 > 70 > 92 > 37 > 8,https://www.tiktok.com/view/product/1734235665062528425,'1734235665062528425,2026-10-05 11:51
Thời trang nữ,Quần nữ,Vào ngay,Quần Balloon Pants B** Z**** X*** T****** Ố** T* C** C*** B* G** N** N* H** T**** 2*** D* P*** Đ* T**** M** C** M** H*** Đ*** M**,8700,tăng,65700,24,2400,,Đi lên (gần đây tăng),12 > 11 > 16 > 28 > 92,Lên rồi sụt (gần đây giảm),14 > 11 > 12 > 50 > 8,https://www.tiktok.com/view/product/1735378798143702518,'1735378798143702518,2026-10-05 11:51
Thời trang nữ,Quần nữ,Đang hot,[2S] [CÓ MÚT & K**** M*** (*** c*** p*** l*** C* M** h*** K**** M** n** m**** 2 d** t*** e* s*** t** d*** C** Ý L** C*** Đ*** S*** n**,110300,giảm,714600,16,7100,9,Lên rồi sụt (gần đây giảm),63 > 89 > 92 > 75 > 53,Đi lên (gần đây tăng),47 > 37 > 63 > 52 > 92,https://www.tiktok.com/view/product/1732420866735703819,'1732420866735703819,2026-10-05 11:51
Thời trang nữ,Quần nữ,Né ra,(S-2Xl) HHCHOU- Quần S**** J**** T** N** K*** F*** m** H**,2000,giảm,62100,18,349,,Đi xuống,92 > 55 > 19 > 8 > 8,Lên rồi sụt (gần đây giảm),51 > 50 > 68 > 92 > 66,https://www.tiktok.com/view/product/1735580853018789466,'1735580853018789466,2026-10-05 11:51
Thời trang nữ,Trang phục đặc biệt dành cho nữ,Vào ngay,[KOL x Cayleo D****** Á* d** n* c*** t** T**** A** C***** D***** d** t** d*** s**** đ*** n*** á* d** ă* h** á* d** t***** t**** á* d** t**** t** - A*******,2200,tăng,16700,4,1700,8,Lên rồi sụt (gần đây giảm),8 > 8 > 8 > 92 > 8,Đi ngang,8 > 20 > 12 > 8 > 8,https://www.tiktok.com/view/product/1733354607380236119,'1733354607380236119,2026-10-05 11:52
Thời trang nữ,Trang phục đặc biệt dành cho nữ,Đang hot,Set Bộ Đùi T*** L*** T** B** Q*** Đ** M** N** M** M** - H* C*****,11400,tăng,24600,39,1500,7,Đi lên (gần đây tăng),28 > 44 > 66 > 65 > 92,Đi lên,19 > 55 > 60 > 92 > 85,https://www.tiktok.com/view/product/1732882153973319467,'1732882153973319467,2026-10-05 11:52
Thời trang nữ,Trang phục đặc biệt dành cho nữ,Né ra,Mã 2 [BigSize] S** B* B* C*** L*** G** T*** Đ** D*** Ô* X**** n*** C** G******* K******* D** 1****,482,giảm,5400,14,131,10,Đi xuống (gần đây giảm),68 > 92 > 33 > 28 > 20,Lên rồi sụt (gần đây giảm),42 > 92 > 77 > 44 > 8,https://www.tiktok.com/view/product/1734576395322820323,'1734576395322820323,2026-10-05 11:52
Thời trang nữ,Trang phục nữ & Đồ lót,Theo dõi,V41 - Chân V** K* H** T*** C*** T** M** V******* H******* S***** 2***,520,giảm,794,58,121,,Lên rồi sụt,28 > 19 > 92 > 8 > 8,Đi lên (gần đây tăng),17 > 14 > 12 > 22 > 92,https://www.tiktok.com/view/product/1736301473431651652,'1736301473431651652,2026-10-05 11:52
Thời trang nữ,Trang phục nữ & Đồ lót,Theo dõi,Shi Shang Đầm D* T*** C** N*** T** V** C** C** T**** K* X** L* C** B**** D** C***** Đ*** C**** c* B***** b* S** S****,431,giảm,760,68,243,,Lên rồi sụt,8 > 20 > 92 > 8 > 8,Đi lên (gần đây tăng),8 > 22 > 52 > 8 > 92,https://www.tiktok.com/view/product/1736981626610550580,'1736981626610550580,2026-10-05 11:52
Thời trang nữ,Trang phục nữ & Đồ lót,Đang giảm,Áo Babydoll Kiểu N* T** D** D*** N*** X** T*** C* V M** D** N* N* T*** K**** - K****,,giảm,293,10,,,Đi xuống,92 > 8 > 8 > 8 > 8,Đi xuống (gần đây giảm),61 > 11 > 15 > 36 > 8,https://www.tiktok.com/view/product/1735766695110346256,'1735766695110346256,2026-10-05 11:52
Thời trang nữ,Túi đa năng,Vào ngay,Balo da PU h*** c** c** c**** n*** t*** t**** n** v* n* - k*** t**** 3*** x 4*** B*** p* c**** t*** n*** B******* Đ** V**,14800,tăng,95300,2,4,10,Lên rồi sụt (gần đây giảm),8 > 8 > 8 > 92 > 8,Đi ngang (gần đây giảm),22 > 11 > 8 > 22 > 8,https://www.tiktok.com/view/product/1729754413668600776,'1729754413668600776,2026-10-05 11:52
Thời trang nữ,Túi đa năng,Đang hot,Balo sao vàng G***** b*** t*** t**** n* đ* h** đ* c*** v** d* t**** n*** v** l***** 1*** i*** B***,14900,tăng,116800,6,4000,10,Lên rồi sụt (gần đây giảm),16 > 23 > 14 > 92 > 8,Sụt rồi bật lên (gần đây tăng),63 > 92 > 45 > 15 > 51,https://www.tiktok.com/view/product/1731930321026385489,'1731930321026385489,2026-10-05 11:52
Thời trang nữ,Túi đa năng,Né ra,BAGSMART Ba Lô L****** B******** 1*** I**** K**** T*** N*,1400,giảm,16800,15,837,,Lên rồi sụt,60 > 92 > 70 > 41 > 38,Lên rồi sụt (gần đây giảm),54 > 92 > 80 > 44 > 30,https://www.tiktok.com/view/product/1731097924469754802,'1731097924469754802,2026-10-05 11:52
Thời trang nữ,Túi xách nữ,Vào ngay,Túi nữ xách t** đ** c*** d** v** k** g** đ* t*** t**** c*** s* đ* h** đ* l** _******,9700,tăng,52100,13,378,10,Lên rồi sụt (gần đây giảm),23 > 8 > 17 > 92 > 8,Đi ngang,8 > 11 > 12 > 8 > 8,https://www.tiktok.com/view/product/1731938248926529977,'1731938248926529977,2026-10-05 11:51
Thời trang nữ,Túi xách nữ,Đang hot,Túi Mercy Trust H******** C**** T*** N*** - Đ*** Đ* D*** C* N*** D*** N**** C** M** B** C*** - T** s* d*** Đ*** N**** C*** L** 1****** K** 3*********,56600,tăng,158600,44,7800,,Đi lên (gần đây tăng),18 > 22 > 26 > 38 > 92,Đi lên (gần đây tăng),14 > 14 > 23 > 8 > 92,https://www.tiktok.com/view/product/1735597278495606641,'1735597278495606641,2026-10-05 11:51
Thời trang nữ,Túi xách nữ,Né ra,【Shop】Túi Xách Nữ B**** S*** 2* T*** K** C**** T*** T**** C** C** Đ* Đ** Đ* T*** D* P* C**** N*** C**** T*** [********,2200,giảm,44300,14,1100,8,Đi ngang (gần đây giảm),87 > 92 > 86 > 86 > 74,Đi lên (gần đây tăng),16 > 16 > 33 > 59 > 92,https://www.tiktok.com/view/product/1732093467576927788,'1732093467576927788,2026-10-05 11:51
Thời trang nữ,Váy nữ,Vào ngay,Đầm body nữ l*** n**** m** d* t*** s*** c**** L******** d**** w**** X****,1500,tăng,37400,7,326,10,Đi lên (gần đây tăng),37 > 17 > 30 > 42 > 92,Đi ngang (gần đây giảm),14 > 11 > 12 > 36 > 8,https://www.tiktok.com/view/product/1732156643500655728,'1732156643500655728,2026-10-05 11:51
Thời trang nữ,Váy nữ,Đang hot,(Tặng Đai) Chân V** C** A K*** N*** L* C*** S* C** C** D*** D** 8*** M** C* G**** X* T*,6300,tăng,118600,8,944,10,Sụt rồi bật lên (gần đây tăng),71 > 38 > 38 > 75 > 92,Đi xuống (gần đây giảm),92 > 66 > 79 > 66 > 47,https://www.tiktok.com/view/product/1733103734683764235,'1733103734683764235,2026-10-05 11:51
Thời trang nữ,Váy nữ,Né ra,[CÓ BIGSIZE-SET3MÓN] Set đ** h** d** x** b*** f*** n*** k** k**** c***** K** Q*** k** s* h** c***** Đ***,568,giảm,2400,19,206,,Lên rồi sụt (gần đây giảm),33 > 87 > 92 > 46 > 23,Đi xuống (gần đây tăng),92 > 83 > 82 > 45 > 63,https://www.tiktok.com/view/product/1735930522875102892,'1735930522875102892,2026-10-05 11:51